layer,head,absolute,signed,positive,negative_magnitude,std_absolute,positive_signed_sample_fraction,rank
26,25,0.4672896169989869,-0.03110032906094431,0.21809464479540136,0.24919497305932253,0.21661554276943207,0.39420289855072466,1
24,13,0.34787769309123573,0.04856863107896693,0.19822316585020905,0.14965453409333376,0.22166147828102112,0.5391304347826087,2
21,31,0.28339859851892446,-0.024648438449451308,0.1293750799615341,0.15402351963954666,0.5731565356254578,0.43333333333333335,3
23,30,0.26156006404401166,-0.007627475290707704,0.1269662957517025,0.13459377047281873,0.1867140233516693,0.45942028985507244,4
21,11,0.2594309433640075,0.01567348299102615,0.1375522134150716,0.12187873166884579,0.33382153511047363,0.5434782608695652,5
26,20,0.24832744115079497,-0.00032997013198758434,0.12399873658280779,0.12432870762473296,0.15952223539352417,0.4971014492753623,6
22,2,0.2441252368002914,-0.0019529175404729186,0.12108615960325182,0.12303907663250963,0.3137528896331787,0.48840579710144927,7
26,24,0.23763146096759516,-0.0032516616448908502,0.11718989995753636,0.12044156135964221,0.10847201198339462,0.4492753623188406,8
23,28,0.2205154489185931,-0.0049202576906427035,0.10779759476764425,0.11271785385434287,0.22963446378707886,0.5028985507246376,9
23,13,0.19829986639374841,0.0074470348662926235,0.10287345218627403,0.09542641685060833,0.12677429616451263,0.5246376811594203,10
21,18,0.19526658982065492,0.011088789879695337,0.10317769109311958,0.09208890063556559,0.32666584849357605,0.5159420289855072,11
19,12,0.1832809377745118,-0.018600935566043347,0.082340001839591,0.10094093583099058,0.4588495194911957,0.4971014492753623,12
22,0,0.18087841737947927,0.0017961720608687703,0.09133729490390777,0.08954112303740197,0.2187439650297165,0.5014492753623189,13
20,16,0.1759127945382742,0.012310093367620763,0.09411144450144923,0.08180135160252668,0.19914701581001282,0.5420289855072464,14
28,19,0.15960171923878183,0.030446217083384828,0.09502396885190915,0.06457775115129112,0.09867117553949356,0.618840579710145,15
20,28,0.155922825191089,-0.004809168708153015,0.07555682823952774,0.0803659978665182,0.26945385336875916,0.4449275362318841,16
18,14,0.15153779367497866,-0.00012108892167790158,0.07570835419093677,0.0758294419000816,0.34082621335983276,0.508695652173913,17
21,8,0.15092056060709275,0.0014368517331077137,0.07617870682877476,0.0747418551709152,0.17456687986850739,0.48840579710144927,18
16,23,0.15059894075232516,-0.0038169494806451426,0.0733909961836669,0.07720794624689481,0.29850083589553833,0.43333333333333335,19
19,13,0.14386114393549876,0.010102493740408175,0.07698181922770227,0.06687932568703495,0.3024047017097473,0.5159420289855072,20
19,3,0.14338822073937543,0.008161516157164496,0.07577486879317144,0.06761335234471556,0.3299240469932556,0.518840579710145,21
21,26,0.1422477437183261,-0.011199505814179049,0.0655241195888569,0.07672362557301919,0.18347667157649994,0.45507246376811594,22
18,22,0.14170871207463567,0.0008432950274478914,0.07127600330758192,0.07043270854502107,0.25496384501457214,0.5434782608695652,23
24,29,0.14005422422095484,0.008241951084051255,0.07414808798626915,0.06590613638745972,0.11140695214271545,0.5246376811594203,24
20,29,0.1385359583975936,0.005237166690863703,0.07188656320457981,0.06664939559591206,0.2192828208208084,0.5101449275362319,25
25,10,0.1359072724660096,-0.010857942993069351,0.06252466559769042,0.07338260860409904,0.09309214353561401,0.42028985507246375,26
20,17,0.13279517371261465,0.002372724246706112,0.06758394967579026,0.06521122555882819,0.19007939100265503,0.48840579710144927,27
26,22,0.13204691312267391,-0.018873278745187513,0.05658681755986712,0.0754600964503049,0.09026684612035751,0.41594202898550725,28
21,10,0.13168489477273237,0.0010571583167420348,0.066371026939537,0.06531386902780217,0.14643163979053497,0.463768115942029,29
17,7,0.12380228731680014,0.001714619099832329,0.06275845338528017,0.06104383501241092,0.27254313230514526,0.5014492753623189,30
24,14,0.12332304500758756,0.011648540488660227,0.06748579350617323,0.0558372536571224,0.08366695791482925,0.5289855072463768,31
24,16,0.12228323310053489,0.014624491085018287,0.0684538624793092,0.05382937222296976,0.08150023221969604,0.5695652173913044,32
23,10,0.11808343065322201,0.008820724381054617,0.0634520781300692,0.05463135337070697,0.07558132708072662,0.5478260869565217,33
22,4,0.11599782014373636,0.0030591664690713303,0.05952849372802977,0.056469327556914174,0.08263281732797623,0.4956521739130435,34
20,8,0.11478382865830825,-0.0027026669670717177,0.0560405812529928,0.05874324855124713,0.19187788665294647,0.49130434782608695,35
23,14,0.11351673497103047,0.0015897354974067244,0.057553235953336286,0.05596350007724233,0.08414218574762344,0.5159420289855072,36
20,19,0.10854938766932574,-0.001035372842444053,0.05375700757494601,0.05479238048074362,0.2050134539604187,0.5,37
21,17,0.10807169035036603,-0.007896011411819769,0.0500878399470821,0.057983850957015935,0.13942652940750122,0.4405797101449275,38
17,4,0.10752698140357203,-0.003983679284409964,0.0517716512170317,0.05575533141644078,0.2548200786113739,0.47681159420289854,39
18,8,0.10666351630419925,-0.0025286222303385736,0.05206744701237134,0.05459606899285986,0.1913744956254959,0.48985507246376814,40
18,13,0.1046146445894155,0.003017330421805483,0.0538159874956245,0.05079865703710179,0.2179398238658905,0.4405797101449275,41
18,19,0.10457660064870572,0.005699244796288321,0.05513792319688946,0.049438678195440226,0.12650251388549805,0.5434782608695652,42
23,15,0.10381339160671485,-0.001123650786821204,0.05134487086552721,0.0524685218255373,0.07742950320243835,0.4985507246376812,43
21,25,0.10373638015969291,0.00656759429497786,0.055151987599505896,0.04858439351023728,0.11837910860776901,0.5362318840579711,44
20,30,0.10296495222365079,0.011428786760370712,0.057196869354769315,0.0457680827690005,0.1990344226360321,0.5434782608695652,45
18,15,0.10185715786107155,0.0018330768336191018,0.051845118429965635,0.05001204084234643,0.20581743121147156,0.48405797101449277,46
18,21,0.10048257460196813,0.0023435015678895045,0.05141303799388444,0.049069536596442156,0.18790672719478607,0.47681159420289854,47
20,31,0.09964355589565484,0.0031051668258758425,0.05137436175246494,0.0482691945305661,0.1297212690114975,0.5217391304347826,48
34,28,0.0994011368504658,0.0005024333695368167,0.04995178536198142,0.04944935207971392,0.10939180850982666,0.5217391304347826,49
24,19,0.0975566130643331,0.010126418668611829,0.05384151638230095,0.04371509804231987,0.06974347680807114,0.5507246376811594,50
16,22,0.09748697198954398,-0.00421145582833982,0.046637758716520775,0.050849214075065714,0.1656457483768463,0.5043478260869565,51
26,21,0.09739723563104855,-0.0009965032123769903,0.04820036639234193,0.04919686928489313,0.055152636021375656,0.47101449275362317,52
28,18,0.09583389338298255,0.011233565816655754,0.05353372966671578,0.04230016377839712,0.05992818623781204,0.5623188405797102,53
29,1,0.0942864508283716,-0.0014263460699916375,0.04643005259770333,0.047856398742895684,0.08788768202066422,0.508695652173913,54
18,31,0.0908753584611459,-0.004086630885021937,0.04339436365905609,0.047480994072385076,0.2813130021095276,0.49420289855072463,55
21,19,0.09077550011511513,0.0027601391035283955,0.0467678196836209,0.04400768065318951,0.11653120815753937,0.5057971014492754,56
18,11,0.09059739581990879,-0.0032928891657122775,0.043652253539935834,0.04694514262365123,0.1629524677991867,0.5130434782608696,57
21,27,0.08973387909270283,0.005326445937111123,0.047530162442084134,0.04220371660945154,0.10253704339265823,0.5362318840579711,58
23,31,0.08901542105199094,-0.0016651421019164643,0.04367513956124152,0.04534028182886001,0.08309831470251083,0.4956521739130435,59
19,0,0.08815331426111685,-0.002978138353732968,0.04258758818352784,0.04556572606679106,0.14220505952835083,0.4652173913043478,60
19,14,0.08520061132140404,0.002974835920368618,0.04408772385685934,0.041112887581297455,0.19680599868297577,0.4652173913043478,61
19,28,0.08467244193484277,0.001312266965966125,0.042992354786880585,0.04168008756418915,0.11088722199201584,0.4956521739130435,62
18,18,0.08437596156255113,-0.0012060510945351174,0.041584955273530164,0.042791006456473435,0.08773722499608994,0.5260869565217391,63
16,16,0.08342129049849684,0.0015609121887541404,0.04249110131818072,0.040930189083303335,0.1657906025648117,0.527536231884058,64
19,2,0.08266067274346732,0.004309145453790088,0.043484908536386986,0.03917576363934474,0.22989720106124878,0.4826086956521739,65
24,28,0.08151027832207257,-0.00010196040934913427,0.04070415914031691,0.0408061192397946,0.05140864476561546,0.4971014492753623,66
22,6,0.08114963806052085,-0.001437471969900113,0.03985608320723733,0.041293555123569525,0.05992647260427475,0.5260869565217391,67
22,7,0.07999857500519442,-0.000659901149987675,0.03966933702071454,0.04032923792745324,0.05595594644546509,0.4782608695652174,68
17,24,0.0782629812679564,-0.005541648188238099,0.036360667145598435,0.04190231446949495,0.18148380517959595,0.4666666666666667,69
24,17,0.0771920973252829,-0.005855739481057095,0.0356681795436484,0.041523918995643845,0.04876551032066345,0.4217391304347826,70
19,15,0.07701484992344311,-0.0010049545774286936,0.038004947912987266,0.039009902198407526,0.10953007638454437,0.47246376811594204,71
14,4,0.07642464480612535,-0.0011119865665471255,0.03765632935156,0.03876831581633862,0.06952844560146332,0.5028985507246376,72
17,5,0.07604022805369796,-0.0018186042652603752,0.037110812062114154,0.03892941664047269,0.15893137454986572,0.46956521739130436,73
20,14,0.0753078132461203,0.006149734410101319,0.040728774555010616,0.0345790400140686,0.11813706159591675,0.5463768115942029,74
22,11,0.07372919333207867,0.0018984764277432248,0.037813835175357004,0.0359153586011245,0.11965566873550415,0.5840579710144927,75
23,9,0.07349343850527067,-0.0032123298734971456,0.03514055447227767,0.038352884309352846,0.05526462197303772,0.43333333333333335,76
29,6,0.07343123277414766,4.9198186789526255e-05,0.03674021535901019,0.03669101726363938,0.0384095162153244,0.48405797101449277,77
19,31,0.0727225845605405,0.0029768134773315766,0.03784969918348867,0.03487288575497982,0.08860136568546295,0.5231884057971015,78
14,6,0.07269893392913745,0.0002479226606606128,0.036473428578608656,0.036225505868323904,0.08786888420581818,0.5,79
29,4,0.071013150075653,0.0024834262876248575,0.03674828849245281,0.03426486203220059,0.037241511046886444,0.553623188405797,80
21,16,0.07063340167784929,6.629505360910696e-05,0.03534984857863004,0.03528355337895345,0.08251988887786865,0.5347826086956522,81
27,16,0.07058480451241189,-0.003383126196686003,0.033600839384345584,0.036983965532314304,0.051568396389484406,0.4652173913043478,82
34,30,0.07037423195627829,0.002045007088874126,0.03620961976720128,0.03416461284420844,0.049264825880527496,0.5347826086956522,83
29,3,0.07024971165903507,0.001266995389997264,0.0357583533904171,0.03449135799740401,0.044995348900556564,0.518840579710145,84
21,24,0.06925399064666767,-0.0016264149984952223,0.033813788065943276,0.03544020283278888,0.06649328023195267,0.5101449275362319,85
20,13,0.06913803067679207,-0.002360634779388024,0.03338869782738334,0.035749332553815044,0.16054455935955048,0.5231884057971015,86
20,4,0.06785576830928525,-8.420132058824453e-05,0.0338857832535143,0.033969984787340826,0.11069656908512115,0.45942028985507244,87
33,18,0.06654907640042729,0.008700252133143216,0.037624664439826504,0.028924412267836,0.03941747173666954,0.7014492753623188,88
28,16,0.06586468497669136,-0.00012381514745251533,0.032870434983076686,0.03299425012023741,0.03561151772737503,0.5072463768115942,89
26,26,0.0658120515378381,-0.0001628969884156992,0.032824577372926086,0.0329874741345428,0.03748919442296028,0.5101449275362319,90
26,27,0.064644367158062,-0.0027935561614340523,0.030925405507002943,0.03371896183799844,0.04628424718976021,0.4405797101449275,91
15,9,0.06427372903461852,0.001754616638240607,0.03301417299295755,0.0312595561722064,0.10456482321023941,0.48695652173913045,92
22,5,0.06285594219976254,0.0030659891409374287,0.032960965980411226,0.029894976711838734,0.05427760258316994,0.5043478260869565,93
24,15,0.06194163300788732,0.0006488192965490811,0.031295226410620144,0.030646407331063316,0.08331789821386337,0.5028985507246376,94
15,8,0.06106952149960874,-0.0005356019005125415,0.030266959934438026,0.03080256201176688,0.09079508483409882,0.5420289855072464,95
24,12,0.06088391942026067,-6.595463281078939e-05,0.030408982414603773,0.030474936828840577,0.058790143579244614,0.4753623188405797,96
21,9,0.060676064118877916,0.005228471268302478,0.03295226786319382,0.027723796581140842,0.05551336333155632,0.5753623188405798,97
21,30,0.06055709316084782,0.004036169625222734,0.03229663126960235,0.028260461872939586,0.08594805747270584,0.5463768115942029,98
24,31,0.05981655012836437,0.003075282677436126,0.031445916667091324,0.02837063407346579,0.04890800267457962,0.5260869565217391,99
17,6,0.059642214301055756,-0.0015618705383478326,0.0290401717674905,0.030602042491132717,0.10597247630357742,0.45942028985507244,100
23,12,0.05902614047264923,-0.0010172107073046484,0.02900446501688735,0.030021675806357593,0.05248372629284859,0.4855072463768116,101
25,30,0.0571378895783446,-0.0010611873341089897,0.028038351388270225,0.02909953867159514,0.036960504949092865,0.5043478260869565,102
23,11,0.05597596467536726,0.003979093625046358,0.029977529360389714,0.025998435422788253,0.0464458130300045,0.5695652173913044,103
18,29,0.05448048549056377,0.0006820979330096515,0.027581292016607157,0.026899193995463512,0.10358007997274399,0.4782608695652174,104
28,17,0.053556933694188416,-0.004976122377717031,0.02429040587115763,0.029266528077794753,0.027561413124203682,0.391304347826087,105
18,12,0.05279392284017218,-0.0008521481854942344,0.02597088758442281,0.026823035556657673,0.09173253178596497,0.4971014492753623,106
22,3,0.05264373868096458,-0.0007931144145044052,0.025925312341238117,0.02671842661853272,0.04967750236392021,0.463768115942029,107
21,28,0.05240141418357582,0.0025906776255620913,0.027496046118229034,0.02490536826612104,0.05141357332468033,0.5739130434782609,108
22,14,0.05168441013514024,0.006940639856485718,0.02931252500106432,0.022371885203418956,0.03314322233200073,0.6550724637681159,109
21,20,0.05106600685976446,-0.004622975145753446,0.023221515921666623,0.027844490965767563,0.05171023681759834,0.43478260869565216,110
21,23,0.05105036925794422,0.0031775224967387277,0.02711394607756739,0.023936423526374973,0.0400615893304348,0.5507246376811594,111
22,9,0.050392707661671594,0.0020925208365741234,0.026242614297054545,0.024150093542614385,0.06142130866646767,0.5608695652173913,112
35,8,0.0494885238854255,0.03536278668675484,0.04242565532861762,0.007062869046754001,0.06128126010298729,0.9550724637681159,113
16,28,0.0492499415880825,0.00024242498422635423,0.02474618320390447,0.024503758357183172,0.07804352790117264,0.5768115942028985,114
15,2,0.049010005803522314,-5.955572458966028e-05,0.02447522516021559,0.024534780766976915,0.07465644180774689,0.48985507246376814,115
19,30,0.047732283459449916,0.0007900881957671052,0.024261185706701077,0.023471097520846144,0.06495597958564758,0.4855072463768116,116
20,23,0.047725848524925715,-0.0009359307175369737,0.023394958952279842,0.02433088958631202,0.06284980475902557,0.5014492753623189,117
19,1,0.04707846276097648,0.0003757834441468889,0.023727123057672186,0.02335133971106531,0.08525113761425018,0.49130434782608695,118
27,18,0.04702122982463165,0.0011443841021399998,0.024082807070015512,0.022938423014779077,0.032693345099687576,0.5434782608695652,119
22,8,0.04663563764627105,-0.003585305378352211,0.021525166225045973,0.025110471563201155,0.06253749132156372,0.3855072463768116,120
23,8,0.04586539698521728,-0.00018458267192160576,0.022840407092387424,0.023024989975585965,0.04372214153409004,0.4608695652173913,121
17,15,0.04537765553467435,0.0025067104847909397,0.023942183069606392,0.021435472575029816,0.06061125919222832,0.5202898550724637,122
34,5,0.04386484614823122,0.001132609817558778,0.022498728109159222,0.021366118278904427,0.021982135251164436,0.5521739130434783,123
25,8,0.043582316620977245,-0.002874637659208046,0.02035383955378126,0.02322847725881729,0.04297119006514549,0.43768115942028984,124
20,21,0.04325775422908339,0.002276078237353932,0.022766916279109917,0.0204908380998582,0.07198166102170944,0.5652173913043478,125
14,27,0.04280674348963236,-0.00030777788283623946,0.02124948287855132,0.021557260721759952,0.052733078598976135,0.508695652173913,126
13,19,0.04274405709626423,0.0014501318367167741,0.022097094322848336,0.020646962724319,0.06140578165650368,0.4797101449275362,127
24,25,0.0407547311959417,0.0025924502263617046,0.02167359063016087,0.019081140361115526,0.08885334432125092,0.463768115942029,128
18,30,0.040596865094604265,0.0007093566262008845,0.02065311119785411,0.01994375456546339,0.10520502179861069,0.5101449275362319,129
17,14,0.04055665442433235,-7.89068762442448e-06,0.020274381922470216,0.020282272669736402,0.053439125418663025,0.47246376811594204,130
17,27,0.03987584039737619,0.002882319062806293,0.021379080074120135,0.018496761111758964,0.09751082211732864,0.4985507246376812,131
17,2,0.03962089480643255,0.0015717715963862997,0.02059633304222413,0.019024561709164223,0.06527997553348541,0.5072463768115942,132
22,10,0.039311764088958714,0.004442239964480351,0.02187700224209381,0.017434762110613098,0.05877222120761871,0.6014492753623188,133
16,20,0.0389309831704283,-0.0027800101674865406,0.01807548670579875,0.020855496910466488,0.09198049455881119,0.4811594202898551,134
20,15,0.03881343336162399,0.006561632647983219,0.022687532426287203,0.0161259007272668,0.12198369950056076,0.5550724637681159,135
19,29,0.03768815313924806,0.00039689799566564244,0.019042525619717206,0.018645627557914164,0.03457612544298172,0.5043478260869565,136
34,31,0.03743014308785095,-3.944355052806423e-05,0.018695349809907686,0.01873479331514555,0.02859635092318058,0.4985507246376812,137
13,3,0.037175882139843824,0.0005507592259875863,0.018863320836132607,0.018312561530383655,0.052988916635513306,0.5115942028985507,138
32,5,0.037015236940477855,-0.0013296444461245657,0.017842796214930443,0.01917244071137511,0.03126191347837448,0.4811594202898551,139
21,29,0.03696173825166256,-0.0029545717307896207,0.01700358340530184,0.019958155224794872,0.05063478276133537,0.4463768115942029,140
13,17,0.03669568465565385,-0.0003226128103341435,0.018186535895464644,0.01850914866224849,0.04783657565712929,0.4985507246376812,141
33,19,0.03663738358249564,0.0016886969024199061,0.019163040359221076,0.017474343488330317,0.025474606081843376,0.5739130434782609,142
18,10,0.036122858612393234,6.608774966098018e-05,0.018094473195758284,0.01802838538348189,0.05819477140903473,0.5391304347826087,143
18,27,0.03565721856362686,0.00018648336341172672,0.017921851069389746,0.01773536759648013,0.04437554255127907,0.5246376811594203,144
18,23,0.03519561717782736,-0.002085757744730538,0.016554929831983062,0.018640687534555226,0.06370386481285095,0.4420289855072464,145
18,24,0.03502735283792667,0.0009149010107068824,0.017971126933791336,0.017056226011439888,0.05335158854722977,0.48840579710144927,146
28,23,0.03486072048561756,-0.001091933375779342,0.016884393638094373,0.01797632702940103,0.028777658939361572,0.427536231884058,147
27,19,0.03485262485868905,0.0018399716074834916,0.01834629834089698,0.01650632666879455,0.023446664214134216,0.5826086956521739,148
34,29,0.034797799778238374,0.0011031909444431801,0.017950495379889193,0.016847304451959276,0.021674606949090958,0.5028985507246376,149
18,26,0.03464417578011373,0.0005656937698022112,0.017604934847475016,0.017039241046185833,0.04265551641583443,0.4956521739130435,150
17,25,0.034455980502948014,0.0007499167662636087,0.01760294884352597,0.01685303200295269,0.08980946987867355,0.48695652173913045,151
19,5,0.034361309926042444,0.0008342184322089821,0.017597764303892566,0.016763545785342223,0.03571454435586929,0.4985507246376812,152
22,1,0.03420884159049424,0.0016526281594912912,0.017930734953066955,0.016278106760422604,0.034124188125133514,0.5463768115942029,153
27,15,0.034144813602493294,-0.0001150601832626347,0.017014876656079043,0.017129937082316485,0.029430799186229706,0.4782608695652174,154
18,9,0.0337385111981058,0.0012037462066855633,0.017471128837475418,0.01626738257123245,0.04392609745264053,0.527536231884058,155
18,17,0.033731346275316605,0.0010681849500068221,0.017399765839893035,0.016331580693266637,0.04671316593885422,0.49130434782608695,156
17,26,0.03353311091904407,0.0001501689791347008,0.01684164013260169,0.016691471339520605,0.07551956921815872,0.5043478260869565,157
24,30,0.03352410145006075,0.00035602665190800914,0.0169400641298178,0.016584037450661854,0.03800308704376221,0.4985507246376812,158
15,11,0.03346930830199541,-0.00045787909952248786,0.01650571465733515,0.016963593816963374,0.05158425495028496,0.4753623188405797,159
31,9,0.0332750085169328,-0.0017454679937251006,0.015764770282375915,0.017510238553032926,0.04897996783256531,0.4956521739130435,160
24,21,0.033176250168986184,-0.0011398246216560728,0.01601821282149657,0.017158037411011892,0.023552648723125458,0.43478260869565216,161
29,22,0.03236222534425273,0.0019497964003201797,0.01715601086941298,0.015206214463324758,0.05632680281996727,0.47101449275362317,162
33,28,0.03234208873692441,9.443040588835636e-05,0.016218259660662083,0.016123829257423127,0.028622442856431007,0.5173913043478261,163
14,25,0.03194128620907313,-0.00317555686892972,0.014382864705070117,0.017558421701634897,0.031368765980005264,0.43043478260869567,164
16,21,0.03164394497382117,0.000425071050014357,0.016034507924738085,0.015609437133652914,0.045955076813697815,0.49130434782608695,165
17,22,0.03143653392916599,-0.0013870702936401359,0.015024731807964112,0.016411802148702893,0.056596409529447556,0.4405797101449275,166
13,1,0.0313471401653563,0.0010214078320870243,0.01618427395132249,0.015162866150005384,0.04126906767487526,0.5521739130434783,167
26,29,0.031121242861263453,-0.001470676622472862,0.014825283210096962,0.016295959784200523,0.03171401470899582,0.49130434782608695,168
16,18,0.031064434495140406,0.0005444863479815599,0.015804460431293896,0.015259974080296503,0.05683715641498566,0.47391304347826085,169
32,11,0.031062897250808748,0.00020701309320798642,0.015634955256435837,0.015427942211934588,0.02836761623620987,0.5130434782608696,170
34,6,0.031002190307734292,-0.0007433729151565838,0.015129408792025694,0.01587278162432072,0.01652945764362812,0.4681159420289855,171
15,0,0.030715523662629363,0.0009805383692804278,0.015848031139551272,0.014867492666235193,0.046744491904973984,0.5173913043478261,172
18,25,0.030582138229384208,-0.0004684864589143072,0.01505682595737238,0.01552531255933834,0.04183226451277733,0.49130434782608695,173
34,19,0.030196684880512834,0.0010147232708877182,0.015605704173862435,0.014590980861090508,0.03701940178871155,0.5376811594202898,174
20,10,0.02945615647603636,-0.0007902918729772522,0.014332932360264459,0.015123224463794663,0.08941683918237686,0.5014492753623189,175
15,17,0.029283075631710877,-0.0005252089498516516,0.014378933406492317,0.014904142389296675,0.03433731570839882,0.5043478260869565,176
30,26,0.029044174385658615,-0.0008974039999462759,0.014073385301289027,0.014970789310704592,0.020325690507888794,0.4623188405797101,177
16,10,0.02898110829114887,0.00029158429606468417,0.014636346348898783,0.014344762019860301,0.03405837342143059,0.5376811594202898,178
18,16,0.028891212655825244,8.453298663801473e-07,0.014446028960241086,0.01444518370334518,0.03489888459444046,0.4855072463768116,179
13,18,0.028779286985872718,0.00029208480334710804,0.014535685918003699,0.014243601206681637,0.04364467412233353,0.5246376811594203,180
16,31,0.028427867944507548,0.0010853540523437888,0.014756611094766201,0.013671257049039317,0.041617657989263535,0.5043478260869565,181
33,13,0.028387351811650897,-0.0009014340610546228,0.013742958952734361,0.014644393081349941,0.025529658421874046,0.48985507246376814,182
33,7,0.027944401128595506,-0.0019214465347813794,0.013011477238066711,0.014932923764665273,0.027488185092806816,0.4623188405797101,183
29,2,0.027592956983025416,0.0005742973199643977,0.014083627219973267,0.013509329870609783,0.0169522762298584,0.5579710144927537,184
22,13,0.027322950246203962,0.0004881461610067703,0.013905548279770934,0.013417402094405522,0.020315812900662422,0.5289855072463768,185
31,10,0.026897011763935882,-0.00042911333244325983,0.01323394921238777,0.013663062671843943,0.03894985467195511,0.48695652173913045,186
18,20,0.026359420964339127,-0.000894140944855399,0.012732640125086882,0.01362678103024086,0.036001693457365036,0.5014492753623189,187
18,1,0.02598485204195469,-0.0007897433129825083,0.01259755447027746,0.013387297851748872,0.034251678735017776,0.45362318840579713,188
20,9,0.025957704853077513,-0.0007075477445576563,0.012625078572824166,0.013332626259163616,0.035128530114889145,0.5028985507246376,189
29,7,0.025940411679650846,0.0008334714599713798,0.013386941646899356,0.012553470125620126,0.01802518218755722,0.5405797101449276,190
35,11,0.025910897619610625,-0.012312297551893541,0.006799300282306132,0.019111597637917536,0.01723761111497879,0.11304347826086956,191
19,9,0.025867471442071965,0.0004378139041996885,0.01315264280554771,0.012714828796131348,0.03644214943051338,0.5362318840579711,192
16,2,0.02583485302258877,-0.0012551975793874167,0.012289827791813666,0.013545025409573851,0.04458567872643471,0.48405797101449277,193
33,17,0.025747326854785122,-0.0018074573825709894,0.0119699347498523,0.013777392135428576,0.02290620282292366,0.4246376811594203,194
33,31,0.025706736456798523,0.00048676371121816203,0.013096750144588599,0.012609986373496687,0.02326696552336216,0.5057971014492754,195
24,22,0.025570137498763634,0.0010732465287614816,0.013321692034694117,0.01224844547948611,0.016203969717025757,0.5565217391304348,196
24,26,0.025435803469145618,-0.0008423196435720403,0.012296741848737271,0.01313906169877779,0.020154649391770363,0.4434782608695652,197
20,3,0.025390827782499348,-0.00023676062281584312,0.012577033627177657,0.012813794246176258,0.03244141489267349,0.5130434782608696,198
20,18,0.025212568117000258,-0.002673424941856839,0.011269571690301771,0.013942996556584873,0.05535700172185898,0.45507246376811594,199
26,16,0.025200131524900866,-0.0009825504084828012,0.012108790600694298,0.01309134102083972,0.018196938559412956,0.43333333333333335,200
25,25,0.02485018129379529,0.00021001875726485024,0.012530100060647111,0.01232008131101147,0.022211451083421707,0.48840579710144927,201
18,6,0.024764265449704143,0.00044594728123216107,0.012605106462538916,0.012159159206962415,0.03402912989258766,0.48695652173913045,202
16,0,0.02437319452191055,-0.0008693794507290358,0.011751907615942638,0.012621287074432695,0.034364163875579834,0.4608695652173913,203
33,30,0.02436053780459232,0.0003115740088632911,0.012336056010099128,0.012024481912258257,0.021360760554671288,0.4985507246376812,204
19,25,0.024307459150145736,-0.0003522623954795299,0.011977598396301999,0.012329860841577023,0.03305692598223686,0.4971014492753623,205
26,19,0.024305730379959298,0.0010929049753927308,0.012699317708240308,0.011606412684878982,0.019244441762566566,0.5289855072463768,206
32,10,0.02425568764670786,0.0006032921908152513,0.012429489943020018,0.011826197756085278,0.028400922194123268,0.5144927536231884,207
13,16,0.023609087848698425,-0.0004932546361711845,0.011557916656433456,0.012051171338712068,0.03813496604561806,0.5231884057971015,208
34,2,0.023418972975544065,-0.00014139532718547633,0.011638788910299215,0.011780184214349256,0.016978280618786812,0.5202898550724637,209
22,20,0.023414131482233008,-0.0019019272693317295,0.010756102132533366,0.012658029426634987,0.021187327802181244,0.35507246376811596,210
33,23,0.02339105605104756,-0.001193886883930131,0.011098584602228399,0.012292471476172542,0.023913530632853508,0.48985507246376814,211
27,17,0.023262788326837175,0.00036341421232530106,0.011813101353818902,0.011449687201736421,0.02198486216366291,0.5159420289855072,212
13,2,0.023250680305806085,-0.0007867655959262924,0.011231957417212602,0.012018722953760753,0.025140870362520218,0.4579710144927536,213
34,7,0.022425833133224774,0.0001426095545036293,0.011284221331690155,0.011141611860290616,0.013077519834041595,0.5217391304347826,214
25,31,0.022043313820292985,0.0001355250262586987,0.011089419477038842,0.010953894419852051,0.014847438782453537,0.5202898550724637,215
15,13,0.02190100627612201,-0.0016016567693652073,0.010149674711937078,0.01175133142497161,0.041734710335731506,0.5,216
17,17,0.021551331398887156,0.002134915119867124,0.011843123286625073,0.009708208182237813,0.03431858494877815,0.5898550724637681,217
16,19,0.021448578308100232,-0.0003202422356981264,0.01056416812137721,0.01088441033894871,0.03055623173713684,0.4811594202898551,218
17,19,0.021420106939984945,-0.0022580531309938745,0.009581026875167627,0.01183907993625431,0.03339949995279312,0.40144927536231884,219
33,29,0.02136364873394073,0.00013553830284354922,0.010749593521831085,0.010614055260489492,0.018922705203294754,0.4855072463768116,220
33,14,0.021324278624303153,-0.0005497739100394319,0.01038725238961532,0.010937026306203114,0.01939067430794239,0.4826086956521739,221
19,21,0.02127731409382777,-0.0004944232662967186,0.010391445343291549,0.010885868620117317,0.06788673251867294,0.4811594202898551,222
17,3,0.02122154136026359,-0.0002953307586827525,0.010463105358834634,0.010758436030785863,0.025704793632030487,0.5014492753623189,223
19,6,0.021142939117946326,0.0006071414150357958,0.010875040316360367,0.01026789888244399,0.017631512135267258,0.5420289855072464,224
18,7,0.021012593656137207,0.00044258527065023265,0.01072758951728853,0.010285004329457677,0.03494062274694443,0.5072463768115942,225
20,5,0.020915667847325296,4.732442007018793e-06,0.010460200150829631,0.010455467736397437,0.053717806935310364,0.518840579710145,226
29,8,0.020739875509731803,8.948431919713545e-05,0.010414679945751086,0.010325195675577034,0.016283968463540077,0.5202898550724637,227
15,3,0.02073034901101061,-0.0003983901053025097,0.010165979440806541,0.010564369660932098,0.028900573030114174,0.4855072463768116,228
17,13,0.02063914135510129,0.000686742208083582,0.010662941810501186,0.009976199592473796,0.024901457130908966,0.5434782608695652,229
15,16,0.02054796810346264,0.00078318497247813,0.010665576524152657,0.00988239157966851,0.03325800225138664,0.5405797101449276,230
21,22,0.020449359736622957,0.00109160780225268,0.010770483782170746,0.009678876020420895,0.021880371496081352,0.5057971014492754,231
14,19,0.020421503223242588,-0.0011080227955655732,0.009656740251997743,0.010764763023420845,0.04104141518473625,0.5,232
34,21,0.020374556850562667,-0.0020129372588559382,0.009180809840061399,0.011193747060399576,0.030022909864783287,0.47101449275362317,233
15,19,0.02023172124467817,1.472346691340478e-05,0.010123222312456388,0.010108498816101718,0.03367527201771736,0.5072463768115942,234
24,5,0.020154798902365365,0.0010991130154898332,0.010626956043457883,0.009527843027456623,0.01910400390625,0.5362318840579711,235
14,15,0.020028004198136024,0.0002644614791463845,0.010146232843534022,0.009881771375565196,0.027881182730197906,0.4463768115942029,236
23,29,0.019963174237046338,0.00016733403067716965,0.010065254222422812,0.009897920169843954,0.018181223422288895,0.4956521739130435,237
20,2,0.01983218758157792,0.0008576311753210535,0.010344909425433455,0.00948727829900631,0.019087957218289375,0.5144927536231884,238
35,26,0.019807650739381063,-0.0005112828314599608,0.009648184068045457,0.010159466852992015,0.032892145216464996,0.563768115942029,239
34,17,0.01976680259804066,-0.0004563526619729574,0.009655224941325024,0.010111577788484283,0.02451205812394619,0.5202898550724637,240
12,18,0.019602274084109406,-0.002576505055153773,0.008512884526440969,0.01108938960254739,0.025153186172246933,0.38115942028985506,241
19,27,0.01959619576063351,0.00028107486242083394,0.009938635345083574,0.009657560437673069,0.028573457151651382,0.5101449275362319,242
15,1,0.019516287817437524,-5.754377206608626e-05,0.009729372046886188,0.009786915870643207,0.026802843436598778,0.5304347826086957,243
14,16,0.019380900209459165,0.00018485138029643788,0.009782875846629369,0.00959802443419745,0.027333848178386688,0.5130434782608696,244
21,21,0.019359861381193354,0.00048607659630668925,0.009922969008229025,0.009436892443193136,0.015566703863441944,0.5231884057971015,245
14,7,0.019186933915235398,-0.0008912786760091599,0.009147827649418183,0.010039106291926303,0.03735587000846863,0.48695652173913045,246
14,17,0.01908158892866872,0.0007996460769114175,0.00994061754263121,0.00914097150173578,0.029672617092728615,0.5362318840579711,247
35,9,0.019048018121848937,0.004821462550972828,0.011934740403101888,0.007113277834107884,0.01308765634894371,0.7159420289855073,248
16,29,0.01903073273487794,-0.00030888829865759453,0.00936092218958631,0.009669810512602545,0.025952450931072235,0.47391304347826085,249
15,7,0.018923108252288396,0.0007969140880774923,0.009860011176446595,0.009063097073036867,0.03978515416383743,0.527536231884058,250
17,16,0.01879654974285243,0.0002980365121481515,0.009547293217020933,0.009249256663948156,0.02744933031499386,0.49130434782608695,251
16,25,0.018791028056833622,-0.00010622099697407659,0.009342403609880949,0.009448624597364645,0.031201254576444626,0.5478260869565217,252
24,23,0.018721183921223964,0.0007514039843638032,0.009736294028171224,0.008984889991815959,0.016485242173075676,0.5594202898550724,253
18,4,0.018718820117225032,-0.00012616932098867634,0.009296325469335568,0.009422494805387586,0.024795815348625183,0.5144927536231884,254
19,7,0.018543234912077964,-0.0009958291700889316,0.00877370289746213,0.009769532097456303,0.014699902385473251,0.4463768115942029,255
22,19,0.018454104498453923,-0.001218509055795131,0.008617797714364512,0.009836306791998062,0.014232752844691277,0.4217391304347826,256
34,3,0.018324842543570675,-0.0008920874501147436,0.008716377540089974,0.009608465068141822,0.014068646356463432,0.47391304347826085,257
15,10,0.018220927651703318,4.791197384095184e-05,0.009134419805132379,0.009086507833432036,0.027684515342116356,0.49420289855072463,258
17,1,0.01813144760655131,0.0006954097826920865,0.00941342870962968,0.0087180189216388,0.023030582815408707,0.5420289855072464,259
15,15,0.018008377282640667,-0.00028033799031433864,0.008864019636382801,0.009144357625125955,0.024674521759152412,0.4289855072463768,260
16,30,0.017941436857032332,8.40189580217618e-05,0.009012727984530932,0.00892870895357033,0.02889925055205822,0.48840579710144927,261
25,28,0.017740122927521505,-0.00014964074029642465,0.008795241157328574,0.008944881857841857,0.015719570219516754,0.5,262
33,16,0.01765046871378613,-3.661306364465154e-05,0.008806927870803822,0.008843540916838548,0.01456718984991312,0.4826086956521739,263
34,14,0.01764793464023134,0.0022431945009831933,0.00994556457982348,0.00770237015278616,0.0285932794213295,0.5739130434782609,264
16,7,0.01737604563105919,-0.0003941497577150163,0.008490947982911324,0.008885097749209862,0.030364273115992546,0.47246376811594204,265
14,18,0.017060057109093592,-0.0007933899109838935,0.008133333627146373,0.008926723613673686,0.028430314734578133,0.45942028985507244,266
29,0,0.017055073506839952,0.00044646149641873006,0.008750767514625888,0.008304305990758872,0.012979402206838131,0.5507246376811594,267
28,2,0.016874695534942724,0.0003323472846481625,0.00860352147390823,0.008271174098110245,0.011890034191310406,0.4985507246376812,268
19,19,0.01674489109925386,0.00044348564741322543,0.008594188470042487,0.008150702745626693,0.0187672171741724,0.527536231884058,269
24,8,0.016744748385035958,-0.001035791678931792,0.007854478340469422,0.00889027010505189,0.021235572174191475,0.4608695652173913,270
33,12,0.01671103414933052,0.0005349582195012245,0.008622996209917314,0.008088037983522383,0.016796590760350227,0.5,271
26,23,0.016687148721994952,-0.0006622884395572169,0.008012430290746388,0.008674718629133523,0.02846633270382881,0.4971014492753623,272
29,13,0.01668379512641653,0.0009496587090509728,0.008816726930176695,0.007867068262176886,0.016173087060451508,0.5202898550724637,273
24,20,0.016563285017332088,0.0005680055150256468,0.00856564529029234,0.007997639775124339,0.01197761483490467,0.5478260869565217,274
18,5,0.01655468795519403,0.00017739630527459035,0.008366042204020693,0.00818864596517085,0.03137234225869179,0.5173913043478261,275
26,30,0.016279982232853124,0.001147000453156711,0.008713491292112756,0.007566490952402988,0.02552785351872444,0.5565217391304348,276
15,12,0.0162535221193389,-0.00019688722102833656,0.00802831747775823,0.008225204698691663,0.022914322093129158,0.4985507246376812,277
32,6,0.016107448490093584,-0.00021081361947058146,0.007948317503779317,0.008159131069998325,0.016363386064767838,0.4927536231884058,278
15,4,0.015879632094267595,-0.0005284823959564032,0.0076755748449679655,0.008204057214839007,0.026720469817519188,0.4956521739130435,279
12,10,0.015791430690771213,-0.000503140578028093,0.007644145082209118,0.00814728567978212,0.021104296669363976,0.45942028985507244,280
29,14,0.0157613689120373,-0.0004807866771232617,0.007640291118920119,0.008121077788350901,0.008435734547674656,0.47681159420289854,281
16,13,0.015746264041998706,0.00021168939739795136,0.007978976763990722,0.007767287338704235,0.018852639943361282,0.5057971014492754,282
14,13,0.015713665197836235,0.00032498827645674504,0.00801932676712159,0.007694338476563723,0.021683547645807266,0.5014492753623189,283
20,0,0.015537804252918527,0.0005437649400187513,0.008040784583663217,0.007497019652130447,0.018583178520202637,0.5318840579710145,284
24,27,0.015292889726064775,0.000825669015013272,0.008059279359767442,0.0072336103768632885,0.029863141477108,0.41594202898550725,285
13,9,0.01524658722919412,0.0004268243896860994,0.00783670581139091,0.007409881448172425,0.02097431570291519,0.5028985507246376,286
11,14,0.015208121219420454,-0.00013764820292978412,0.0075352365458536,0.007672884738312332,0.020653385668992996,0.5318840579710145,287
16,4,0.015163809545270667,7.334490630613722e-05,0.0076185771867723975,0.007545232274329148,0.0297247301787138,0.4681159420289855,288
34,1,0.014946857328945096,6.946533115072837e-05,0.007508161373582392,0.007438696108748326,0.012187509797513485,0.5420289855072464,289
29,21,0.014891381521432566,0.000359517761619603,0.007625449637809019,0.007265931921226539,0.021532302722334862,0.4608695652173913,290
28,3,0.014769016240008067,0.00026812542028905673,0.007518570873134709,0.007250445438936974,0.00935258436948061,0.5362318840579711,291
32,3,0.01473817485310829,-0.0007413070769647332,0.006998433890170207,0.007739740997836318,0.01619025133550167,0.4811594202898551,292
16,1,0.014655771561176178,0.00011181621315093556,0.0073837938613892685,0.007271977682704227,0.023766737431287766,0.5144927536231884,293
33,15,0.01465387965634337,0.0010238999720889336,0.0078388898340695,0.0068149897938976365,0.013146490789949894,0.5855072463768116,294
28,0,0.014623197369814,-0.00044913482293402237,0.007087031315271473,0.0075361660760645995,0.009815778583288193,0.463768115942029,295
14,14,0.014560250655336279,-2.2901293825429014e-05,0.007268674672430253,0.007291575996087108,0.01960558444261551,0.48405797101449277,296
20,7,0.014406484799489945,-5.5978055533542186e-05,0.007175253330817635,0.007231231410654458,0.020994577556848526,0.47681159420289854,297
16,24,0.014403867387749335,-0.0005827556475776584,0.006910555864147761,0.007493311540051566,0.02166096866130829,0.47101449275362317,298
20,20,0.014402446106069491,-0.0005804093619888696,0.006911018386354967,0.00749142773030157,0.013466447591781616,0.4782608695652174,299
17,18,0.01438379275167118,0.001228124105451254,0.007805958412844094,0.006577834345428172,0.015624474734067917,0.6405797101449275,300
19,16,0.01432218778004492,-1.377643195577337e-05,0.00715420570172221,0.007167982160488306,0.018835317343473434,0.4811594202898551,301
24,18,0.014288259160188634,-0.000782331937659984,0.006752963666192532,0.0075352955912830364,0.01913619600236416,0.508695652173913,302
28,21,0.014117057057033441,0.0005106230438273548,0.0073138400870948975,0.00680321701901435,0.008605864830315113,0.5782608695652174,303
32,9,0.01410158444807588,-0.00017538313914633035,0.006963100677861856,0.007138483811813521,0.01334934402257204,0.527536231884058,304
34,4,0.014063312070768165,-0.0007397412682595145,0.0066617854620889755,0.007401526705483696,0.02069585956633091,0.48405797101449277,305
17,12,0.0139311282787526,-0.0002997678036806157,0.006815680255860333,0.007115448044952127,0.02175132930278778,0.48840579710144927,306
21,12,0.013901022706261796,-0.001096379356354389,0.0064023216988720955,0.007498701084008697,0.013629896566271782,0.372463768115942,307
20,11,0.01385050197747752,-0.0004759360081706014,0.0066872830557100395,0.007163219049739975,0.0128244087100029,0.463768115942029,308
25,14,0.013807377991927923,0.0006826463216925006,0.007245012219114553,0.006562365852827813,0.01356331817805767,0.5159420289855072,309
16,14,0.013777114014289733,0.0006276022862131366,0.0072023581338462594,0.006574755876436425,0.030840355902910233,0.5289855072463768,310
23,24,0.013696799234088942,6.82499045016838e-06,0.006851812123626376,0.006844987139102423,0.011854971759021282,0.5130434782608696,311
33,20,0.013404617889065539,-0.00017649798072048671,0.006614059970741147,0.006790557975298303,0.01497390866279602,0.4927536231884058,312
29,15,0.01339400878439293,-0.00014697983054023665,0.006623514493622824,0.006770494270249797,0.009349843487143517,0.4927536231884058,313
29,12,0.013204034426092656,-2.0103583533521e-05,0.006591965476231501,0.006612069025573293,0.008622984401881695,0.5246376811594203,314
23,5,0.013089534735300348,-0.00040904387463513926,0.006340245446768097,0.006749289321495503,0.012174331583082676,0.47101449275362317,315
35,10,0.012887887282472482,0.0004422660042083421,0.006665076674497855,0.006222810693008427,0.010054859332740307,0.5159420289855072,316
24,24,0.012797180590164119,-0.0014190492712035504,0.005689065697526161,0.007108114983007461,0.00845157541334629,0.372463768115942,317
28,22,0.012674817976379848,-0.0001293721034385996,0.006272722968571833,0.006402095081875155,0.008936221711337566,0.48695652173913045,318
29,18,0.01257233314462465,-0.0005938493870654265,0.005989241908410685,0.006583091289423359,0.010256079956889153,0.43043478260869567,319
16,17,0.012523639442962663,0.00022528781993732202,0.0063744636807393324,0.006149175859425905,0.02072829380631447,0.5391304347826087,320
32,7,0.012502944957468308,-0.00013808127849029993,0.006182431849668754,0.006320513157634591,0.011694008484482765,0.4782608695652174,321
17,9,0.012467073708472342,-7.526550375125911e-05,0.0061959040921056585,0.0062711696341242375,0.01670968532562256,0.42028985507246375,322
20,6,0.01238988919505863,0.00038539487297015694,0.006387642067325626,0.006002247153631196,0.011032714508473873,0.5362318840579711,323
21,13,0.012304126686733755,0.0016328269260512847,0.006968476864268018,0.0053356499086805636,0.015033237636089325,0.591304347826087,324
15,29,0.012247457098050476,0.00010940283021728397,0.006178430047441287,0.006069027169597457,0.020256804302334785,0.5289855072463768,325
23,26,0.01220443047552734,0.00012984271474572554,0.006167136623939176,0.006037293895075192,0.011696790345013142,0.5333333333333333,326
24,7,0.012042955565603747,-0.0001135468785345227,0.0059647043355811466,0.006078251267941938,0.011898202821612358,0.4927536231884058,327
33,10,0.011987695135463002,-0.0003528123285397432,0.005817441421812333,0.0061702537457281525,0.012185332365334034,0.4782608695652174,328
13,0,0.011838197237533599,-0.0004708342292808769,0.005683681549630094,0.006154515771903907,0.012842006981372833,0.4608695652173913,329
23,23,0.011827415949074497,0.0001481309202036768,0.005987773480297039,0.005839642552419336,0.010783182457089424,0.5144927536231884,330
22,16,0.011801733706058746,4.929842458374839e-05,0.0059255160739944,0.005876217666672597,0.008910349570214748,0.5231884057971015,331
19,4,0.011594629419150938,0.00026006166149602285,0.005927345542674985,0.005667283879829219,0.010409696958959103,0.5304347826086957,332
19,23,0.011522808827989586,0.00014765515868244962,0.005835232010239439,0.0056875768433109035,0.012384757399559021,0.5521739130434783,333
33,27,0.011441082301325218,-0.0026696218871818376,0.004385730234313034,0.007055352120168855,0.03489281237125397,0.4463768115942029,334
19,10,0.011333240857229743,0.0004061607163775066,0.005869700785041314,0.005463540067548688,0.02179655432701111,0.5579710144927537,335
34,0,0.011290916036544503,1.7143944664301514e-05,0.005654030028571192,0.00563688609066615,0.009726861491799355,0.5217391304347826,336
14,12,0.011283285674500697,-0.00017176914961305887,0.005555758354961839,0.005727527426969955,0.018826620653271675,0.5014492753623189,337
4,29,0.011259761460478067,-0.000640937239134381,0.005309412089379781,0.005950349340929423,0.024018941447138786,0.4623188405797101,338
21,15,0.011225720529488382,0.00038262977339373734,0.005804175179050156,0.0054215454219113295,0.01034719031304121,0.5449275362318841,339
22,15,0.011224796434407176,5.439008997411187e-05,0.005639593293354677,0.005585203206662655,0.009391079656779766,0.5289855072463768,340
16,15,0.01119200963336313,0.00021319213699535938,0.005702600920567815,0.005489408789920465,0.01628655381500721,0.5376811594202898,341
26,17,0.011167486998812714,0.00029994315445946995,0.005733715095709119,0.00543377195000716,0.010034817270934582,0.5,342
16,26,0.011141482425813119,0.0001351214337642043,0.005638301931975402,0.005503180535184135,0.01730779930949211,0.5333333333333333,343
31,14,0.011053440504537835,8.924698769091712e-05,0.005571343777895284,0.0054820967783862085,0.010781865566968918,0.5101449275362319,344
35,16,0.010949441469637205,0.0003885636619879338,0.005669002649559896,0.005280438947100766,0.024675000458955765,0.5884057971014492,345
32,0,0.010870318038918862,-0.0005106268265291768,0.0051798456071359715,0.005690472434872535,0.011196844279766083,0.44782608695652176,346
17,21,0.01075208499889308,-6.257126763069908e-05,0.005344756869970402,0.005407328113358454,0.02422909438610077,0.5043478260869565,347
22,22,0.010739499954903241,0.0007103089589256105,0.005724904496868924,0.005014595532354535,0.009826037101447582,0.5681159420289855,348
31,11,0.010687970247143287,0.00018262950072997795,0.005435299924241575,0.005252670428983064,0.015659678727388382,0.4927536231884058,349
20,12,0.01065630165040088,0.00022923908545042493,0.0054427704112047495,0.00521353131811391,0.021866774186491966,0.47681159420289854,350
34,10,0.010648487950042498,-0.0007530708905611338,0.004947708551059106,0.005700779414631973,0.01610526256263256,0.42028985507246375,351
33,6,0.010604604277456098,-0.0004634593115965338,0.005070572499454905,0.005534031809361625,0.013401627540588379,0.5144927536231884,352
13,8,0.010579091965801257,-0.0003976065990370799,0.005090742696747707,0.005488349281485948,0.015623505227267742,0.463768115942029,353
21,5,0.010458090794576413,-0.00037130791543345167,0.005043391483596297,0.005414699388168537,0.0069551244378089905,0.4579710144927536,354
33,9,0.010441593814344294,-0.00010828463001825434,0.005166654644721268,0.005274939252104968,0.012113071046769619,0.4608695652173913,355
35,17,0.010396580221688214,0.0010997958774327265,0.005748188084090952,0.0046483922019842135,0.020617667585611343,0.6217391304347826,356
34,11,0.010335198248313922,0.002613742321337022,0.00647447032294714,0.00386072792936065,0.013530625030398369,0.6652173913043479,357
9,14,0.010290789247981434,0.00014719934473878706,0.00521899429833233,0.005071794940591064,0.015420002862811089,0.5173913043478261,358
19,24,0.010214849377107517,-4.918898723216431e-06,0.0051049652066506935,0.005109884113598905,0.014513561502099037,0.5376811594202898,359
10,9,0.010191480218992986,-0.0006991202924995298,0.0047461799583380935,0.00544530028929475,0.0118183558806777,0.43478260869565216,360
10,29,0.010147335558734915,-0.0003779886089234977,0.004884673511338221,0.005262662126451555,0.01482230331748724,0.518840579710145,361
16,6,0.01010920761880276,-1.6063678808479934e-05,0.005046572008143193,0.005062635596613805,0.0195616502314806,0.5405797101449276,362
22,17,0.009968342205030385,-2.851374931882331e-06,0.004982745418016313,0.004985596786718815,0.00852391216903925,0.47101449275362317,363
29,5,0.009619668626649966,0.0006029493986927159,0.005111309005586509,0.004508359624536672,0.007608327548950911,0.5826086956521739,364
26,18,0.009607200552051401,6.990109174786493e-05,0.004838550860269765,0.004768649795901645,0.013580577448010445,0.49420289855072463,365
18,0,0.009407250337603002,0.00011219985898197342,0.0047597250827348565,0.004647525233198446,0.010908323340117931,0.5463768115942029,366
27,30,0.009394155728944536,0.00010637949497164378,0.004750267606531439,0.0046438881244166225,0.015195108950138092,0.5333333333333333,367
14,8,0.00938645838953865,0.0001378744014972113,0.004762166441144908,0.00462429198882276,0.013009454123675823,0.5231884057971015,368
17,20,0.009370680043998552,0.0002250863292315246,0.004797883220885853,0.004572796856793002,0.012203014455735683,0.508695652173913,369
35,25,0.009152404171787119,-7.600207627547206e-05,0.0045382010583863664,0.004614203122015908,0.013621547259390354,0.5231884057971015,370
21,6,0.009112680420124282,-0.00026278190796775574,0.004424949260947355,0.004687731161549522,0.01048378273844719,0.45507246376811594,371
23,0,0.009093309360964601,0.0001848233259965048,0.004639066392395551,0.004454243020745048,0.009526481851935387,0.5028985507246376,372
23,21,0.009014916198793799,-0.00025816314636081784,0.004378376527207708,0.004636539685231147,0.006524239666759968,0.44782608695652176,373
17,0,0.008994442097415838,0.0002228306276568522,0.00460863632906694,0.004385805751224035,0.01694835163652897,0.5,374
25,23,0.008903553897170754,2.9047495925202595e-05,0.0044663007163182845,0.0044372531656678635,0.009552616626024246,0.5043478260869565,375
28,1,0.008903253260844698,-0.0004022629632411248,0.004250495169706984,0.004652758126821541,0.007619448471814394,0.4318840579710145,376
26,31,0.008887340659461241,-6.68547462302503e-05,0.004410242958819372,0.0044770977106594915,0.009081419557332993,0.48695652173913045,377
31,31,0.008818364738312929,0.0003426892959765425,0.004580527007730806,0.004237837736402888,0.009062614291906357,0.5318840579710145,378
33,24,0.00875777377965489,0.0003172660391522884,0.004537519892160755,0.0042202539373608055,0.01880658231675625,0.5507246376811594,379
11,26,0.008730084685595248,-0.00010451687136557429,0.004312783917302495,0.004417300802753374,0.009149488992989063,0.5405797101449276,380
12,26,0.008714419528563588,0.00022070529738139948,0.004467562375909925,0.0042468571092299035,0.012736132368445396,0.5347826086956522,381
15,25,0.008660949011623481,-0.0003464449776573388,0.004157252054563656,0.004503697016216525,0.018428858369588852,0.5028985507246376,382
31,13,0.008657632312869005,0.00018333225592262654,0.004420482291649366,0.004237150044576518,0.00883195735514164,0.5318840579710145,383
30,25,0.00861520450214258,-0.00021168808136966274,0.004201758228789887,0.004413446304797485,0.007048461586236954,0.46956521739130436,384
19,11,0.008564644757163899,-0.0003477733016275717,0.004108435755124842,0.004456209018510139,0.01142021082341671,0.4652173913043478,385
34,9,0.008491706472810567,0.0018102329028398094,0.005150969681974106,0.0033407368137557277,0.008522405289113522,0.7014492753623188,386
18,2,0.008432791693443163,-0.0001568060769426191,0.004137992794014702,0.004294798864103159,0.010355522856116295,0.5144927536231884,387
31,29,0.008383813970663206,-0.00010659794636434316,0.004138608018610799,0.004245205967816983,0.008429025299847126,0.5231884057971015,388
27,11,0.008325933060310174,0.00010761014359888867,0.004216771619752947,0.004109161494314954,0.007779833395034075,0.5507246376811594,389
17,23,0.00828878753860751,-9.544133020466214e-05,0.004096673082044024,0.004192114421860332,0.016152750700712204,0.45942028985507244,390
31,6,0.008220780446119033,-0.0005647915050386091,0.003827994477172109,0.00439278598072554,0.008123052306473255,0.4579710144927536,391
15,31,0.008201131178825365,-0.00032772044714215884,0.003936705359197019,0.0042644258096739916,0.016874806955456734,0.5231884057971015,392
34,25,0.008072832952735632,0.0015348259196890876,0.004803829422857286,0.0032690035648003054,0.009007486514747143,0.6246376811594203,393
18,28,0.008063920646099428,0.00017125448459041039,0.004117587599709319,0.003946333096878927,0.014572661370038986,0.48405797101449277,394
20,1,0.007963526397487958,0.0001902636596993113,0.004076895053393842,0.0038866313942033204,0.00938101764768362,0.5159420289855072,395
21,4,0.007921245038860302,-3.124219735015514e-05,0.003945001455376505,0.00397624361866147,0.011381663382053375,0.43333333333333335,396
34,24,0.007891985483212814,0.0011480225774929736,0.0045200040541164095,0.003371981458975284,0.006762595847249031,0.6550724637681159,397
22,28,0.007891157557985381,-0.00022698561696270718,0.0038320860026046367,0.004059071580696331,0.007773255929350853,0.5101449275362319,398
30,19,0.007890763565513265,-0.00025284167286767826,0.0038189609502349386,0.0040718026248530645,0.004723758436739445,0.43768115942028984,399
31,30,0.007830313153386089,0.000873967839284571,0.004352140490685259,0.0034781726816025026,0.008496963419020176,0.5115942028985507,400
35,27,0.007814111776584151,-0.00035096507520432607,0.003731573360699627,0.0040825384555754005,0.006657603196799755,0.4217391304347826,401
29,11,0.007750220591296438,6.258179695367394e-05,0.003906401223798309,0.0038438194496347275,0.005129856988787651,0.5391304347826087,402
33,11,0.00770023182195618,0.0002100311302733051,0.003955131490711474,0.0037451003809742954,0.009209837764501572,0.49130434782608695,403
20,22,0.007686109786964548,7.309022119285225e-05,0.003879600008371779,0.0038065097918793004,0.008485615253448486,0.4652173913043478,404
15,5,0.007660597122605026,2.5470941906952657e-05,0.003843034049846144,0.003817563094565665,0.012489363551139832,0.5043478260869565,405
16,9,0.007464967046584259,-0.00010679019567338612,0.0036790884400851203,0.0037858786353709823,0.009008820168673992,0.43623188405797103,406
5,29,0.007413964236806403,0.0003316324575478021,0.0038727983865259295,0.0035411659284917455,0.008577151224017143,0.5521739130434783,407
11,12,0.007345744911530662,8.170617571733495e-05,0.003713725564507447,0.0036320193707807986,0.010635579004883766,0.4956521739130435,408
31,8,0.00734012202641073,0.0008942690246075854,0.004117195508908903,0.0032229265103734983,0.010081266984343529,0.5869565217391305,409
27,10,0.007327185806681645,-4.484631266203233e-05,0.0036411697612704196,0.0036860160781003104,0.006292239762842655,0.48695652173913045,410
22,21,0.00727749819343444,0.0006948950416910415,0.003986196612443208,0.003291301582615141,0.007402699440717697,0.618840579710145,411
12,16,0.00723022356320618,-0.0011750712463332962,0.0030275762161287223,0.004202647451418908,0.020577356219291687,0.4043478260869565,412
30,18,0.007229372828125791,-0.00030931836162631374,0.003460027309294041,0.0037693456317039976,0.009388220496475697,0.39710144927536234,413
11,24,0.007174452660652552,0.0003041278067267621,0.003739290244740677,0.0034351624300209063,0.010151786729693413,0.5463768115942029,414
35,24,0.007093013609857366,0.00020555071246828606,0.0036492821762320986,0.003443731467616643,0.009795906022191048,0.427536231884058,415
31,28,0.007092720888803065,0.0005401534582194037,0.0038164371751338256,0.0032762837383969504,0.00884383637458086,0.5043478260869565,416
24,4,0.007049440409215437,0.00023473154327064918,0.0036420859870976647,0.0034073544400862244,0.00685567781329155,0.5855072463768116,417
16,5,0.00703871179814113,-0.00014237684562022626,0.0034481675054479823,0.003590544367445704,0.00920635275542736,0.48840579710144927,418
17,11,0.007020712021398324,0.0002809775990512656,0.0036508448140618083,0.003369867228362979,0.006750734988600016,0.5246376811594203,419
29,16,0.007010196256991206,2.276667523472207e-05,0.0035164814639901507,0.0034937147913718736,0.005667076911777258,0.4956521739130435,420
23,1,0.006971129963505149,1.0125273091535495e-05,0.0034906276384878065,0.0034805023358152856,0.007587623316794634,0.5072463768115942,421
27,31,0.006931337530809485,0.0016497756601807666,0.0042905566348633946,0.0026407810873749532,0.0337577760219574,0.47391304347826085,422
26,2,0.006919586345674875,-0.0004669471457049624,0.003226319567245124,0.003693266725947952,0.009381563402712345,0.4144927536231884,423
32,8,0.006897813056307116,-0.0001731446108522874,0.003362334261243856,0.0035354788794749134,0.006883665453642607,0.4927536231884058,424
19,8,0.006802726752694993,-0.00015256798340593326,0.0033250793924747522,0.0034776473705120303,0.006598688196390867,0.48695652173913045,425
28,13,0.006789055111796082,-2.4346333861024544e-05,0.0033823544125418954,0.003406700734774569,0.005430538207292557,0.45507246376811594,426
12,30,0.006725284422577386,-1.8969848837435204e-05,0.0033531572876002074,0.0033721271505097665,0.006316510494798422,0.5144927536231884,427
32,2,0.00669878168418359,-0.00015794100724791783,0.0032704203541852883,0.0034283613499070087,0.006094321608543396,0.47246376811594204,428
31,15,0.006661631577509874,-0.00010259865624560179,0.003279516504203523,0.0033821151540852977,0.007644525729119778,0.48405797101449277,429
13,10,0.00656263540813993,5.619691288513317e-05,0.003309416149547189,0.003253219254880948,0.008569120429456234,0.5318840579710145,430
30,6,0.006552975569375912,-0.00046977656014781174,0.003041599526087352,0.003511376103246669,0.009709720499813557,0.48840579710144927,431
19,26,0.0065527516012704266,0.0006605611799597576,0.003606656398219259,0.00294609520446418,0.00992615707218647,0.5797101449275363,432
31,25,0.006534088769863508,0.0016808643567631973,0.004107476613790967,0.0024266122333347745,0.014987131580710411,0.5710144927536231,433
22,29,0.006504036524405609,-7.931937944849251e-05,0.0032123585716455137,0.0032916779654561137,0.0051199207082390785,0.5115942028985507,434
34,12,0.006492433727396638,0.00038393111005026855,0.00343818244010976,0.003054251294562836,0.011233546771109104,0.5420289855072464,435
10,22,0.00647030512142616,-0.00023528951533344165,0.00311750782833163,0.003352797341991074,0.010127303190529346,0.4608695652173913,436
12,12,0.006467044765747193,-0.0005108648447856177,0.002978089953683303,0.0034889548167879895,0.011507795192301273,0.4956521739130435,437
15,6,0.006466080088833131,-0.00024702142196817307,0.0031095293513752277,0.0033565507700942638,0.010137245059013367,0.4956521739130435,438
16,3,0.006455059902277687,-0.00018123579275065887,0.003136912069179664,0.0033181478424407743,0.008255492895841599,0.46956521739130436,439
35,15,0.0064110060745788625,0.0025786414745106005,0.0044948238087470045,0.0019161823181923904,0.0071607837453484535,0.8289855072463768,440
12,9,0.0064008601692309465,-0.00018915151871281695,0.0031058543583798305,0.003295005862879486,0.007927711121737957,0.48840579710144927,441
23,3,0.006315199392754922,0.0008386147015435331,0.003576907053534144,0.0027382923715513377,0.004208734724670649,0.6942028985507246,442
21,14,0.006309184008590081,-0.0003517087102896978,0.002978737684210553,0.0033304463636907884,0.008001704700291157,0.48840579710144927,443
27,9,0.006212393999179029,0.0006883110882578573,0.0034503525620506927,0.002762041452033504,0.00986923836171627,0.5,444
13,27,0.006199848404102723,-0.00011004074766643116,0.0030449038323675506,0.0031549445693836668,0.009194868616759777,0.4420289855072464,445
32,16,0.006094243038925292,2.101050255025283e-05,0.0030576267628930507,0.0030366162603836593,0.008676458150148392,0.5043478260869565,446
25,12,0.006093874334296941,-0.0003370714617024836,0.002878401451575421,0.003215472898580998,0.004960974212735891,0.4289855072463768,447
30,16,0.006074004965383843,-0.0003522156237364549,0.0028608946910421568,0.003213110294693278,0.009823990985751152,0.4797101449275362,448
27,13,0.006057354491254639,-0.000136624060738488,0.0029603652179028598,0.0030969892881040468,0.006556525360792875,0.49420289855072463,449
22,30,0.0060544648704809086,0.0002678018561683543,0.003161133376715293,0.0028933315215091578,0.00626280577853322,0.5391304347826087,450
29,17,0.006033397792877319,0.0001596126597652746,0.0030965052295368217,0.0029368925691401733,0.00569491321220994,0.5173913043478261,451
34,13,0.0060007368757910825,0.000908927164321052,0.0034548319916844457,0.00254590484555197,0.020298663526773453,0.5449275362318841,452
30,8,0.005994823064121074,-0.00011946307253495342,0.0029376800249983847,0.0030571430743662675,0.0058630104176700115,0.4927536231884058,453
33,5,0.005983707534977694,8.994063158014256e-05,0.0030368240998739013,0.0029468834493077273,0.0048281410709023476,0.5072463768115942,454
28,7,0.005915092941301038,0.00037518999705080997,0.003145141479256816,0.0027699514939213523,0.003341922303661704,0.572463768115942,455
26,5,0.005840546254320003,0.000291820160439955,0.0030661832086638164,0.0027743630674629694,0.005658265203237534,0.553623188405797,456
33,25,0.005810243336220636,0.0013799630179757673,0.0035951031852164304,0.0022151401919604657,0.014326506294310093,0.5550724637681159,457
19,22,0.005672963845384968,6.473732929947986e-05,0.0028688506354017694,0.0028041132699623975,0.00999386329203844,0.49420289855072463,458
12,31,0.005596342285634423,-0.00034654309696818835,0.002624899595157594,0.0029714427011482336,0.007941174320876598,0.48840579710144927,459
17,31,0.0055795082069538616,0.00017056413506234884,0.002875036157142924,0.00270447203384601,0.007766611874103546,0.5101449275362319,460
9,13,0.00557292212529253,9.303450877769797e-05,0.0028329783088259356,0.002739943847911385,0.010708288289606571,0.5028985507246376,461
14,31,0.005555804495773939,-4.2154997312984736e-05,0.0027568247655796333,0.002798979756820093,0.007419573608785868,0.5,462
14,5,0.005553421042197337,5.990144752591943e-05,0.0028066612459530216,0.002746759811365653,0.008040986023843288,0.5043478260869565,463
29,23,0.0055308808794032535,-0.0001838084298364318,0.0026735362435420687,0.002857344669014244,0.005266692955046892,0.43043478260869567,464
30,27,0.005528215326373449,0.0001717439524050544,0.0028499796606226576,0.0026782356992254685,0.004351856652647257,0.5405797101449276,465
31,7,0.005527762991656293,-0.00017025731651064353,0.0026787528415561476,0.002849010161728496,0.006613485515117645,0.45362318840579713,466
26,4,0.0054923586187162095,-5.0189205923242545e-05,0.002721084719245403,0.002771273933151109,0.005167568568140268,0.5391304347826087,467
13,26,0.005463078668918056,-0.00012007204557554307,0.002671503322673506,0.0027915753616295095,0.007140933535993099,0.5347826086956522,468
14,24,0.005349894163415572,0.00032306282068073387,0.002836478505069744,0.0025134156694495715,0.008733095601201057,0.5376811594202898,469
23,2,0.005320285182012637,0.00014408814339190754,0.0027321866598736116,0.002588098524954504,0.004917855374515057,0.553623188405797,470
25,9,0.005291605912793455,0.0002435913556204785,0.002767598646607729,0.0025240073147870133,0.00844139140099287,0.5217391304347826,471
30,24,0.005258839028006743,0.00017532568011818618,0.0027170823439519156,0.0025417566806224742,0.005432535894215107,0.5246376811594203,472
0,27,0.005250879543145065,-5.83936818235299e-05,0.002596242942593602,0.0026546366239452493,0.006491862237453461,0.4681159420289855,473
5,2,0.005152302940879726,-0.00040213468612331567,0.002375084132538599,0.0027772188267840975,0.00992553774267435,0.4405797101449275,474
35,19,0.005146053017802921,-0.00010097551552646927,0.0025225387604460477,0.0026235142731056314,0.0075509389862418175,0.4434782608695652,475
23,4,0.005060877693661799,-0.00012091370769100478,0.002469982003600782,0.0025908957078185717,0.0050985924899578094,0.48985507246376814,476
30,4,0.00503156955969314,0.0007552405325994819,0.0028934050491628022,0.002138164529648181,0.007062017451971769,0.5579710144927537,477
29,10,0.005025902970595305,0.00020687231412591864,0.002616387655169988,0.0024095153369895687,0.005663987249135971,0.5362318840579711,478
15,30,0.00502156294971718,0.000106419684116322,0.0025639913305749887,0.002457571608681684,0.008075790479779243,0.5507246376811594,479
30,11,0.005006234633628333,-6.575287386996037e-05,0.002470240878081287,0.0025359937652272334,0.004329286515712738,0.5260869565217391,480
32,19,0.004931471058364917,0.00029067129418394147,0.0026110711517833185,0.0023203998686306252,0.007519049104303122,0.5608695652173913,481
11,16,0.004867703017215177,-0.0002620664986233865,0.002302818262788882,0.002564884774008111,0.008234582841396332,0.4623188405797101,482
23,7,0.004833340231351136,0.0001582898301573247,0.002495815036219437,0.002337525202470926,0.003971951548010111,0.5449275362318841,483
16,12,0.004748304402438816,4.8173201360217374e-05,0.002398238801275063,0.002350065591483566,0.010412261821329594,0.4956521739130435,484
35,14,0.004736061222206774,6.631089634248528e-05,0.002401186075749665,0.002334875192183603,0.0045671844854950905,0.5,485
25,11,0.004695949239185607,0.00013230552004260708,0.002414127365994753,0.0022818218707444443,0.00688426848500967,0.5376811594202898,486
29,20,0.004634862281341487,0.00010499514856595245,0.0023699287088240215,0.0022649335627885074,0.005347590893507004,0.5043478260869565,487
31,20,0.004606033418183316,-0.0001680223673563729,0.0022190055317891613,0.0023870279228899367,0.005354323890060186,0.4855072463768116,488
24,11,0.004569509416435629,-2.447084058550662e-05,0.002272519279105599,0.002296990108700719,0.005847435910254717,0.5101449275362319,489
31,26,0.004520698076057538,0.0005883355372437412,0.0025545168493197813,0.0019661813258278634,0.011597856879234314,0.5550724637681159,490
32,15,0.0044849718370971745,-0.000115660126959773,0.0021846558621146485,0.002300316005615362,0.0059890905395150185,0.48695652173913045,491
34,16,0.00443789117003241,-0.0005073820572866627,0.0019652545751697565,0.0024726366208346587,0.004891701973974705,0.4289855072463768,492
33,26,0.004340188223358237,-3.939184025709793e-05,0.0021503982047695477,0.002189790058458828,0.007862254977226257,0.4956521739130435,493
35,22,0.004265230453450425,-0.0002735050476458391,0.001995862709697141,0.0022693677677085838,0.005469833500683308,0.45652173913043476,494
27,27,0.004261579610887355,0.00023280026677336235,0.0022471899388145414,0.0020143896730113065,0.002512391423806548,0.6028985507246377,495
24,9,0.004205347153069654,3.79294725159222e-05,0.0021216383135849713,0.002083708850166632,0.004421901889145374,0.5014492753623189,496
32,27,0.0041570986386458555,-0.00038104622084297857,0.0018880262152220972,0.0022690724452753574,0.0035131305921822786,0.4289855072463768,497
14,11,0.004152270786015425,-0.0007296586014272971,0.001711306069631499,0.00244096471351045,0.014623387716710567,0.45072463768115945,498
26,1,0.004145569155208658,-0.00027078664142723226,0.001937391254709244,0.0022081779118667804,0.005354478023946285,0.45072463768115945,499
26,0,0.004106970746711274,-0.0001638777185623927,0.001971546523576683,0.0021354242421575296,0.003295901231467724,0.44782608695652176,500
8,7,0.004092219002474019,-0.00011408046222535685,0.001989069279685888,0.0021031497354050627,0.005612784065306187,0.4608695652173913,501
35,13,0.004085321439218376,0.001231967537939678,0.0026586444865366187,0.001426676961489028,0.0033534588292241096,0.7159420289855073,502
35,18,0.003998610984316379,-0.00034484285425223524,0.0018268840854073895,0.002171726928946041,0.003488383488729596,0.33043478260869563,503
26,13,0.003983322746943736,-0.00014268567094167457,0.0019203185456981241,0.0020630042101033,0.0038660592399537563,0.45072463768115945,504
22,24,0.003975558504221819,-3.929009985965778e-05,0.001968134202832226,0.00200742429728764,0.0032572520431131124,0.49130434782608695,505
28,8,0.003971275422520484,0.00017283608960128006,0.002072055745362456,0.0018992196929990524,0.007428803015500307,0.4753623188405797,506
20,25,0.003965877616091335,-3.0845690438898444e-05,0.0019675159717682644,0.0019983616848838976,0.00499382708221674,0.48840579710144927,507
23,6,0.003952634890426281,-0.00010584336581142333,0.001923395768866665,0.0020292391383681324,0.0026947995647788048,0.4449275362318841,508
25,24,0.003942425787555175,-5.707694694190624e-06,0.001968359055066738,0.0019740667572899625,0.0035929593723267317,0.5057971014492754,509
12,3,0.003938427853458763,-0.00010892527569249859,0.0019147512860439272,0.0020236765539595873,0.006098649464547634,0.4927536231884058,510
33,22,0.003917461032097639,8.206890709555844e-06,0.0019628339687820383,0.0019546270731908683,0.0038408651016652584,0.47681159420289854,511
23,22,0.003900314928024022,-5.203133426128762e-06,0.0019475558919362231,0.0019527590332512298,0.004058177582919598,0.5202898550724637,512
25,0,0.0038512005914631974,-0.0003349922737190381,0.001758104175177573,0.002093096481310541,0.006265305448323488,0.45362318840579713,513
22,31,0.0038504214149619707,-0.0002800960587500004,0.0017851626900981343,0.0020652587531029883,0.0030713086016476154,0.4057971014492754,514
17,29,0.0038156937762244564,-0.0002236144140927839,0.00179603969334731,0.0020196541166523523,0.00799041148275137,0.47681159420289854,515
16,11,0.003792430591082835,-7.26300971307311e-05,0.001859900248097762,0.0019325303545844254,0.007206807844340801,0.4927536231884058,516
31,18,0.003786033639841227,-0.0002779498370385398,0.0017540419060094502,0.0020319917388142263,0.0033089760690927505,0.47101449275362317,517
26,14,0.0037789051554062863,-0.00018371193393803601,0.0017975966223499542,0.0019813085531021225,0.0038977160584181547,0.43478260869565216,518
26,6,0.0037544427660590823,-6.620714590968894e-05,0.001844117815704996,0.0019103249572715183,0.0037005653139203787,0.5333333333333333,519
35,0,0.003752020257820402,0.00021048972040538819,0.0019812550132000057,0.001770765291729586,0.004036051221191883,0.5014492753623189,520
34,8,0.003738186936095809,0.001278565097855671,0.002508376033338077,0.0012298109284872053,0.003560782643035054,0.7710144927536232,521
34,18,0.0037189721174913956,-5.316631233812507e-05,0.0018329029057565713,0.001886069221085484,0.003813130082562566,0.45072463768115945,522
19,18,0.0036985936979771644,-6.412120494422961e-05,0.001817236256249379,0.0018813574597542342,0.0034036438446491957,0.47246376811594204,523
33,4,0.003620722202480386,-9.032072869202872e-05,0.001765200735193819,0.0018555214568392409,0.003626673249527812,0.4782608695652174,524
19,17,0.0036192197692614266,7.604236608407835e-05,0.0018476310731257663,0.0017715887068070646,0.0054658218286931515,0.508695652173913,525
25,27,0.0035979290804433453,-2.9962120434124633e-05,0.001783983484515836,0.0018139456028554864,0.002531609032303095,0.4608695652173913,526
35,29,0.0035911656907652895,0.0016042806125659663,0.0025977231588097745,0.000993442561812644,0.0038230796344578266,0.7159420289855073,527
35,21,0.0035884097982699934,-0.00014304008853787968,0.0017226848840410653,0.0018657249657564165,0.0035726611968129873,0.4405797101449275,528
27,25,0.0035868033780665745,-3.3080343560552296e-05,0.0017768615206464808,0.0018099418785625502,0.003560388460755348,0.5057971014492754,529
29,19,0.003568133837161704,-2.6996137935582183e-06,0.0017827171211335909,0.0017854167305404848,0.0031580261420458555,0.5463768115942029,530
9,23,0.0035563836988159524,3.902560760964305e-06,0.0017801431395523452,0.001776240568516727,0.005688952282071114,0.49420289855072463,531
12,28,0.003537247136030245,0.00018730633727750832,0.0018622767466392057,0.0016749704109552904,0.005814057774841785,0.5739130434782609,532
31,0,0.003493535016014652,-0.0001644114792567131,0.0016645617678253642,0.0018289732581014623,0.00429884996265173,0.49130434782608695,533
9,22,0.003472762831328167,6.541961277606248e-05,0.0017690912153330578,0.0017036716105434133,0.00658842921257019,0.5072463768115942,534
35,20,0.0034201355774606834,0.00039378098963029713,0.0019069583020135052,0.0015131773139570293,0.0056922174990177155,0.5173913043478261,535
30,9,0.003403821173539483,-7.207710383306181e-05,0.0016658720372356914,0.0017379491475894347,0.003161411266773939,0.4753623188405797,536
31,12,0.0033605123149016806,1.576425877341324e-05,0.0016881383031062981,0.0016723740404721457,0.003328039776533842,0.4753623188405797,537
10,13,0.003352264761675885,-5.32321203180523e-06,0.0016734707810257164,0.0016787939989666009,0.004896128550171852,0.4579710144927536,538
9,27,0.00333479946473718,-6.49202853929782e-05,0.0016349395876613267,0.0016998598744765437,0.0065010846592485905,0.4681159420289855,539
29,26,0.0033140825706852966,5.821189256494108e-05,0.001686147233704105,0.0016279353649461764,0.00376060395501554,0.45362318840579713,540
13,22,0.00331172882581376,-0.00015432056782009422,0.0015787041274408062,0.0017330246965908715,0.0037143223453313112,0.47391304347826085,541
35,31,0.0033060582441870844,-0.00012631461307044948,0.0015898718217046564,0.0017161864310725396,0.0026725968345999718,0.4217391304347826,542
10,26,0.0032995165989816904,8.915789813872308e-05,0.0016943372556694238,0.0016051793604054947,0.0041528260335326195,0.5304347826086957,543
25,15,0.003296111197045505,0.0001177975706936643,0.0017069543779750045,0.0015891568199879037,0.004069861490279436,0.5376811594202898,544
26,28,0.0032739264603942105,7.209283947541617e-05,0.001673009648737312,0.0016009168167078894,0.004518116358667612,0.5217391304347826,545
29,27,0.003268413731690827,5.4296994407511944e-05,0.0016613553652912716,0.0016070583734646155,0.004158012568950653,0.4927536231884058,546
28,26,0.003265149282684644,-0.00010928915546134268,0.001577930077684763,0.0016872192236326595,0.004581802058964968,0.5318840579710145,547
15,18,0.0032515225387043387,-8.832736656836789e-05,0.0015815975917075117,0.0016699249507297097,0.004528538323938847,0.48985507246376814,548
12,23,0.0032507260272868206,-6.9000752694631485e-06,0.0016219129726316854,0.0016288130693546787,0.005584826692938805,0.5014492753623189,549
32,12,0.0032208549111416777,-7.20610148968315e-05,0.0015743969588926858,0.001646457976270197,0.003634521970525384,0.48840579710144927,550
15,24,0.0032200517690490825,-0.0002835747684062169,0.001468238500453573,0.0017518132723995698,0.003703045891597867,0.4028985507246377,551
8,2,0.0031983802305109313,-1.744032821422308e-05,0.001590469955640467,0.0016079102910462888,0.004755986388772726,0.48405797101449277,552
35,1,0.003135438002599572,0.00064830240814405,0.001891870214891189,0.0012435678179326057,0.0031779876444488764,0.6623188405797101,553
11,4,0.0031309390519880624,2.0177668078185492e-05,0.0015755583648148087,0.0015553806986829748,0.004019138868898153,0.5405797101449276,554
35,23,0.0031247799736577333,-0.00020411283711198032,0.00146033358871031,0.0016644464136228688,0.004003895912319422,0.49420289855072463,555
29,9,0.0031052149079450696,7.95337052924905e-05,0.0015923743011626358,0.001512840601827665,0.002987395040690899,0.5217391304347826,556
12,4,0.0030923207421648734,8.751071326501467e-05,0.0015899157258399352,0.0015024050091017051,0.005414644721895456,0.5202898550724637,557
33,21,0.003088621679299926,1.3374157548946971e-05,0.0015509979256091975,0.0015376237698428272,0.0034959486220031977,0.5115942028985507,558
24,1,0.0030882507199630313,-0.00016346886804638125,0.0014623909307862261,0.001625859788965908,0.0038914033211767673,0.4782608695652174,559
28,6,0.003012057075165617,8.22869984377589e-05,0.0015471720505772374,0.0014648850465111562,0.004448869731277227,0.48985507246376814,560
12,24,0.0030027584115843004,-4.294955356799355e-05,0.0014799044483958784,0.0015228539999267356,0.005689330864697695,0.5043478260869565,561
26,12,0.002987681435542586,-0.000208099704020466,0.0013897908641661491,0.001597890577281562,0.002586506539955735,0.39710144927536234,562
15,20,0.0029720306588506386,-7.890726753522766e-05,0.0014465616948681587,0.001525468960597578,0.004164151847362518,0.4391304347826087,563
34,27,0.002968073461970957,0.0004422912475237736,0.0017051823604719097,0.00126289111389981,0.0020482728723436594,0.6463768115942029,564
35,12,0.002956305632281895,0.001171962966260991,0.0020641343000876817,0.0008921713541947585,0.002947976579889655,0.7753623188405797,565
35,28,0.0029528618962512405,-0.00013703700817026455,0.001407912469996676,0.0015449494770175501,0.0035587328020483255,0.41884057971014493,566
31,5,0.0029331115456601685,0.00016083702284036468,0.0015469742973357864,0.0013861372752190632,0.0032330085523426533,0.5478260869565217,567
12,13,0.0029323375736408784,0.00019944531708777346,0.0015658914351555776,0.0013664461253463979,0.006210608407855034,0.5057971014492754,568
14,9,0.002927545809201336,-0.0001305101704797446,0.0013985178267593374,0.0015290279993981433,0.005874135065823793,0.47101449275362317,569
10,27,0.0028912023674332677,1.8485109049451886e-05,0.001454843741605831,0.0014363586365858361,0.0034468958619982004,0.4782608695652174,570
21,2,0.002889504283656066,1.1617327580071119e-05,0.0014505608048463162,0.0014389434860184837,0.0029493141919374466,0.5202898550724637,571
25,21,0.002862315733669886,0.00013708751845853471,0.001499701626486005,0.0013626141147340051,0.0032747192308306694,0.5608695652173913,572
25,6,0.002856942344827247,-0.0003134878703072584,0.0012717272320752154,0.0015852151118873523,0.0024815162178128958,0.41594202898550725,573
10,7,0.0028398074169408705,8.575064882899059e-05,0.0014627790379471252,0.001377028392686254,0.003076751483604312,0.5231884057971015,574
12,21,0.0028304186314082893,7.859764886550535e-05,0.0014545081386619341,0.0013759104983140445,0.005336851812899113,0.5666666666666667,575
14,26,0.002810804176429435,-0.00011948542485539372,0.0013456593856972176,0.0014651448095020791,0.0053956713527441025,0.5057971014492754,576
27,20,0.0027945823732622647,5.621816232264066e-05,0.0014254002700803592,0.0013691821086968708,0.002060597063973546,0.5246376811594203,577
33,2,0.002752833046173876,3.195660937064425e-05,0.001392394831091751,0.001360438228450379,0.0030635602306574583,0.5478260869565217,578
31,4,0.0027526309523070096,0.00010588548235694401,0.0014292582293990931,0.0013233727439607415,0.0032916537020355463,0.5362318840579711,579
28,12,0.0027521819015247813,-7.636591265153307e-05,0.0013379079944254202,0.0014142739096617636,0.00241899979300797,0.49130434782608695,580
13,31,0.002751374632213771,7.285620424648886e-05,0.0014121154209862942,0.0013392592139164175,0.003659077687188983,0.5202898550724637,581
26,8,0.0027503875093500846,0.00023063774130961342,0.001490512638343532,0.0012598748978168747,0.0020475119818001986,0.5304347826086957,582
35,30,0.002659725049960653,0.0011006957786585058,0.001880210420616398,0.0007795146537556202,0.0035697573330253363,0.6942028985507246,583
27,28,0.0026381811711884886,8.27514572076483e-05,0.0013604663304842847,0.001277714852820255,0.003988552372902632,0.4971014492753623,584
14,10,0.0026381237813663007,0.0001136800061378407,0.0013759018962973377,0.0012622218747139044,0.0048126340843737125,0.48840579710144927,585
26,9,0.0026358575832420975,0.00010947116499427585,0.0013726643613272641,0.001263193219463152,0.0036019410472363234,0.4681159420289855,586
25,13,0.0025848808824050955,0.00018996657773160235,0.001387423744165352,0.0011974571758849154,0.004741814453154802,0.5376811594202898,587
15,22,0.002577878081849675,-0.00013361251778827652,0.0012221327784810337,0.001355745292285987,0.0038520789239555597,0.45217391304347826,588
28,27,0.002545838885366127,4.686593224900919e-05,0.0012963524143307713,0.0012494864784378518,0.0031631249003112316,0.5072463768115942,589
11,3,0.002535240154532442,-0.00012893709565856703,0.0012031515368595349,0.0013320886278539758,0.002866972703486681,0.43768115942028984,590
22,26,0.0025300560921491327,-4.712536165902418e-05,0.0012414653660675538,0.0012885907257335983,0.002237401669844985,0.463768115942029,591
32,4,0.0025248426896670962,-1.5151961531665766e-05,0.0012548453682055866,0.001269997332240999,0.001941533642821014,0.4782608695652174,592
10,23,0.0025180059236173174,-5.3814215523058354e-05,0.0012320958614219452,0.001285910068622468,0.004922371823340654,0.4927536231884058,593
34,15,0.0025015974416748867,0.00010985077771686296,0.0013057241208182372,0.0011958733414204567,0.0025497705210000277,0.508695652173913,594
10,12,0.002453830123430226,-8.114667075921939e-05,0.0011863417351391484,0.0012674884019044997,0.002910093404352665,0.45217391304347826,595
25,26,0.002429557052285721,5.851148744509176e-05,0.0012440342758107336,0.0011855227880374329,0.0025458410382270813,0.5492753623188406,596
34,26,0.002372124175710032,5.869263753518918e-06,0.001188996722126119,0.0011831274542640567,0.0023559080436825752,0.5028985507246376,597
13,28,0.0023687465280037966,7.937777079570113e-05,0.0012240621454164258,0.0011446843768087842,0.0035730861127376556,0.508695652173913,598
28,20,0.002352370198038272,-0.00027520384771997816,0.001038583177949582,0.0013137870225456436,0.0021682963706552982,0.3333333333333333,599
15,14,0.0023519340199118894,-5.5916206027810085e-05,0.0011480089078943728,0.0012039251193989226,0.0055437758564949036,0.4797101449275362,600
22,25,0.0023461357966142174,0.00015342978230681024,0.001249782787203583,0.0010963530040432976,0.002415924333035946,0.5869565217391305,601
9,17,0.002313537895900916,-4.217193419221524e-05,0.0011356829837640744,0.0011778549214585033,0.0029884290415793657,0.4782608695652174,602
11,18,0.0022566862487229116,1.1178389315213333e-05,0.0011339323242334986,0.0011227539295878555,0.0033208380918949842,0.5101449275362319,603
27,12,0.002219858010547519,-0.00023135411083785584,0.0009942519547726934,0.0012256060662406052,0.0018826656742021441,0.4,604
11,27,0.0021422262570948976,7.316688435452491e-06,0.0010747714738407513,0.0010674547888587425,0.003091994905844331,0.5173913043478261,605
25,17,0.002139574506419603,3.090420990623028e-05,0.001085239362842201,0.001054335157665343,0.002103751292452216,0.508695652173913,606
8,6,0.0021146957600043,-4.0273651377545956e-05,0.0010372110595989912,0.0010774847201189361,0.003039575880393386,0.4971014492753623,607
26,7,0.002110010294848547,0.00013215974722236527,0.0011210850247311021,0.000988925276866159,0.002195035805925727,0.5347826086956522,608
18,3,0.002060204539526055,-2.45762624257148e-06,0.0010288734639091316,0.0010313310925229799,0.002090330934152007,0.49420289855072463,609
12,19,0.0020406363636763106,7.724280417080634e-06,0.001024180312895729,0.0010164560424237752,0.004432259127497673,0.4579710144927536,610
26,10,0.001996075088348901,8.574235290470297e-05,0.0010409087211303194,0.0009551663726175532,0.0021039799321442842,0.5144927536231884,611
12,1,0.001992550711472269,1.771399239075528e-05,0.0010051323640821637,0.0009874183575659013,0.003999556880444288,0.5130434782608696,612
22,18,0.0019689631798626025,0.00016392621225508187,0.001066444702429589,0.0009025184932555852,0.0012543685734272003,0.6101449275362318,613
31,3,0.0019536355412181337,2.2213126131659458e-05,0.0009879243431593447,0.0009657112143927868,0.003057477530092001,0.5362318840579711,614
12,20,0.001942726162709785,-1.4034233050630934e-05,0.0009643459710418213,0.0009783801961811664,0.004285844974219799,0.5043478260869565,615
30,3,0.0019384958923024977,7.413305092237957e-05,0.0010063144722337618,0.0009321814249931882,0.003084537573158741,0.5,616
26,15,0.0019330270233035992,-1.3198035601791175e-05,0.0009599145022166077,0.0009731125358498041,0.0019017726881429553,0.48695652173913045,617
17,8,0.0019209357574320588,0.00017359322488131958,0.0010472644948543123,0.0008736712728326287,0.002336145145818591,0.6101449275362318,618
26,11,0.001915257197190616,-0.00010389022784732768,0.0009056834872129569,0.0010095737069038305,0.002019296633079648,0.49420289855072463,619
17,10,0.0018869217176752104,5.39763204355752e-05,0.0009704490265784958,0.0009164727059227964,0.0018354080384597182,0.563768115942029,620
32,13,0.0018789294681746337,-2.081451980368423e-06,0.0009384240115031244,0.0009405054613560661,0.0025033047422766685,0.4782608695652174,621
12,17,0.0018481270472335198,2.8393891103484707e-05,0.0009382604769137063,0.0009098665807967969,0.0019519944908097386,0.49130434782608695,622
11,0,0.0018372061336223218,1.3812649147940396e-05,0.0009255093888487613,0.0009116967394484032,0.0029403716325759888,0.4652173913043478,623
32,14,0.0018194530396494488,0.0002037828964458258,0.00101161796865199,0.0008078350751336826,0.002499430440366268,0.5826086956521739,624
20,27,0.001810286146908344,-3.0285426798426657e-05,0.0008900003602083534,0.0009202857893546605,0.0017720835749059916,0.48405797101449277,625
20,26,0.001809164217160867,0.00014196264459894956,0.0009755634321716544,0.0008336007880024081,0.0019018440507352352,0.6115942028985507,626
27,3,0.0018054526749503989,-1.522936847052641e-05,0.0008951116539680262,0.0009103410298532411,0.0022983383387327194,0.5246376811594203,627
22,23,0.0017983562953251776,0.00010816582502677878,0.0009532610628425112,0.0008450952413878058,0.0015301875537261367,0.563768115942029,628
11,31,0.0017958331803801348,0.00022959217334230915,0.0010127126864273926,0.000783120503995409,0.005244455765932798,0.5405797101449276,629
6,10,0.001795163632155838,-5.3914045672528394e-05,0.0008706248041087984,0.0009245388488652416,0.002949521876871586,0.47391304347826085,630
25,20,0.0017891162615632165,-7.738923273870529e-06,0.0008906886748329693,0.0008984275941248348,0.0017750996630638838,0.46956521739130436,631
27,23,0.001777716842237472,3.32510046008252e-05,0.0009054839212220268,0.0008722329323274502,0.0025068165268749,0.553623188405797,632
15,28,0.0017722140780634895,0.00010549760204807883,0.0009388558482633148,0.0008333582432976033,0.0034457934089004993,0.48405797101449277,633
22,12,0.0017498925091417007,-0.00014955334417657244,0.0008001695870863868,0.0009497229335017661,0.0017286227084696293,0.41884057971014493,634
8,29,0.0017459337105337645,1.3289972461596176e-05,0.0008796118361741706,0.0008663218681315323,0.0026280947495251894,0.4855072463768116,635
8,19,0.0017267810771823017,4.1291268174366755e-05,0.0008840361802235154,0.0008427449101398688,0.0025068551767617464,0.5144927536231884,636
28,14,0.0017235659477644705,1.1851547945469435e-05,0.0008677087546171948,0.000855857207202264,0.0016994894249364734,0.49130434782608695,637
30,23,0.0017136135822194932,7.106700359474706e-05,0.0008923402930583731,0.0008212732953878636,0.0023330580443143845,0.5391304347826087,638
33,3,0.001705591169118871,1.7760161352047018e-05,0.0008616756683084637,0.0008439155071149192,0.0025309438351541758,0.5043478260869565,639
15,23,0.0016594558007520812,-1.211710903827106e-05,0.0008236693538650719,0.0008357864628624816,0.003366276388987899,0.5,640
25,29,0.0016469963238995515,3.183814436740078e-05,0.0008394172377808465,0.0008075790948340369,0.0012445696629583836,0.5318840579710145,641
27,8,0.001634789126051212,1.5651321350758182e-06,0.000818177133486893,0.0008166119975784028,0.0024375668726861477,0.5217391304347826,642
25,4,0.0016219704593611929,-4.01345375618236e-07,0.0008107845609128413,0.0008111859081944441,0.0018231202848255634,0.4855072463768116,643
33,0,0.0016193421805297291,-2.3404194639558717e-06,0.0008085008821871125,0.000810841296228371,0.002773219021037221,0.5391304347826087,644
13,14,0.0016185556560441804,0.0001040484497671191,0.0008613020588318645,0.0007572536038951248,0.0022626465652137995,0.5391304347826087,645
30,14,0.0016057715113582663,5.683300302168219e-05,0.0008313022589984188,0.0007744692504222284,0.002020356711000204,0.5246376811594203,646
28,5,0.0015975807795125614,-0.00011495187812518756,0.0007413144595309438,0.0008562663336424916,0.002338059712201357,0.48405797101449277,647
30,7,0.0015918962677486876,-4.694718741647839e-05,0.0007724745383619439,0.0008194217323709408,0.0020688187796622515,0.47101449275362317,648
11,15,0.0015692115932799187,-4.441745444986789e-05,0.0007623970739771629,0.0008068145275699309,0.003230260219424963,0.48695652173913045,649
28,25,0.0015658849535849066,-7.041001325215684e-05,0.0007477374753511538,0.0008181474906977847,0.0018824146827682853,0.4463768115942029,650
12,14,0.0015644287826232714,-5.157802051493543e-05,0.0007564253808833082,0.0008080034058946404,0.0024701019283384085,0.48695652173913045,651
24,6,0.0015568157418190663,4.0314321518383004e-05,0.0007985650307565938,0.0007582507090721292,0.0020257243886590004,0.518840579710145,652
8,26,0.0015464518442151029,4.422600255315627e-05,0.000795338923590084,0.0007511129209598183,0.0024358208756893873,0.5289855072463768,653
32,18,0.001545788178549813,5.813236596646095e-05,0.0008019602743421485,0.0007438279138707162,0.002585652284324169,0.4405797101449275,654
6,8,0.0015451613579964454,-7.716636682744137e-05,0.0007339975032769818,0.0008111638637326879,0.0022418394219130278,0.47101449275362317,655
32,1,0.0015447632204455474,-7.210821712813387e-05,0.0007363275084637702,0.00080843571540095,0.00297542498447001,0.5391304347826087,656
5,5,0.001538702419603014,-0.00012148986621481975,0.0007086062781924567,0.0008300961452851366,0.0017048029694706202,0.4217391304347826,657
2,30,0.001533724212255776,-0.00011257439257900367,0.0007105749166200531,0.0008231493046311527,0.0017960661789402366,0.39565217391304347,658
11,13,0.0015289014019114235,-2.4319472141950677e-05,0.0007522909684891034,0.0007766104375743611,0.0023798763286322355,0.49420289855072463,659
28,4,0.0015236430686406718,7.973876256528456e-05,0.0008016909173064683,0.0007219521547823746,0.0022247708402574062,0.5260869565217391,660
25,1,0.0015037539261528224,0.00011256998272390616,0.0008081619555910499,0.0006955919731821716,0.0017755008302628994,0.5231884057971015,661
13,29,0.001499115407595114,1.1577160687037563e-05,0.0007553462814531236,0.0007437691275497301,0.002382272854447365,0.5507246376811594,662
12,15,0.0014920503706283247,4.547465409352984e-05,0.0007687625108530114,0.000723287862949318,0.0021391401533037424,0.5,663
13,30,0.0014894168282109498,2.3304556463330485e-05,0.0007563606929961943,0.0007330561390372695,0.0023006603587418795,0.49420289855072463,664
25,7,0.0014890777909254277,-2.4921164060577976e-05,0.0007320783135082161,0.0007569994747651778,0.0015169020043686032,0.45362318840579713,665
1,24,0.0014588263258991756,-8.954886786433643e-06,0.0007249357225283756,0.0007338906081871676,0.002024761401116848,0.4811594202898551,666
30,13,0.0014540113701514202,-0.0001697579531497942,0.0006421267082853023,0.0008118846585326221,0.002306848531588912,0.4797101449275362,667
35,7,0.001427619023540857,0.00022794305256299422,0.00082778104649375,0.0005998379897668517,0.002086968393996358,0.7115942028985507,668
12,5,0.0014263158072645784,0.00010253474983456081,0.0007644252818072741,0.0006618905264116145,0.00215811631642282,0.5231884057971015,669
8,4,0.0014150920102796248,-2.1198330146166816e-05,0.0006969468425399943,0.0007181451717479977,0.0018655024468898773,0.508695652173913,670
13,5,0.0014117182506184242,1.95971583114284e-05,0.0007156577014504127,0.0006960605486592218,0.0021726819686591625,0.527536231884058,671
2,13,0.0014113756348007778,-1.5311759786356192e-05,0.0006980319382094329,0.0007133436978013682,0.0022562930826097727,0.527536231884058,672
26,3,0.001403833949629241,-8.951114309111554e-05,0.000657161405469315,0.0007466725475250564,0.000998306437395513,0.40869565217391307,673
17,28,0.0013918851854438233,2.4327851959874945e-05,0.0007081065227517368,0.0006837786666358664,0.0020454192999750376,0.527536231884058,674
32,28,0.001389702600895164,0.00014466649777336831,0.0007671845536158114,0.0006225180526466895,0.0012756471987813711,0.5898550724637681,675
30,2,0.0013820140940378474,-1.0981723091944056e-05,0.0006855161891059875,0.0006964979113589558,0.0014423851389437914,0.4826086956521739,676
34,22,0.001376224647147878,-0.00014186056692495555,0.0006171820353222796,0.0007590426021164129,0.0020488975569605827,0.4043478260869565,677
5,15,0.001373981748938736,7.959436720146028e-05,0.0007267880643284762,0.0006471936984398518,0.0026563256978988647,0.5304347826086957,678
12,8,0.0013714076803728898,6.5553904158256e-05,0.0007184807997807672,0.0006529268974217289,0.0017994106747210026,0.5434782608695652,679
34,23,0.0013678482849212267,-7.240439746728161e-05,0.0006477219490488346,0.0007201263484787794,0.001842188648879528,0.5028985507246376,680
27,2,0.0013571642575065514,-1.229018080134731e-05,0.0006724370402216796,0.000684727219819594,0.0012026929762214422,0.4797101449275362,681
11,6,0.001344795125708291,-1.085294947636388e-05,0.0006669710914402326,0.0006778240382223832,0.0015698975184932351,0.5144927536231884,682
24,10,0.0013447615131567084,1.146766098333066e-05,0.0006781145879569417,0.0006666469268658556,0.0015908004716038704,0.5072463768115942,683
33,1,0.0013291932993393014,-7.649981300834253e-05,0.000626346746977778,0.0007028465567877309,0.0013117832131683826,0.4492753623188406,684
32,22,0.0013175745096015053,-3.845829001987284e-05,0.0006395581047254909,0.0006780163995719466,0.00150840706191957,0.5144927536231884,685
10,21,0.0013123921847590532,2.160424947345271e-05,0.0006669982215591016,0.0006453939738713561,0.0021637880709022284,0.48985507246376814,686
30,17,0.0013066350974875842,-8.101870480343849e-05,0.0006128081997870312,0.0006938269037566014,0.001246840227395296,0.43768115942028984,687
23,20,0.0012777195754229004,2.0301733285663617e-07,0.0006389612982815563,0.0006387582814673754,0.0008925161673687398,0.4855072463768116,688
30,1,0.0012756458391474249,-7.415362355923999e-05,0.000600746106663238,0.0006748997411125236,0.0015871166251599789,0.47246376811594204,689
15,21,0.0012697580311805065,3.7837807475744225e-05,0.0006537979239985124,0.0006159601148850186,0.0020467389840632677,0.5594202898550724,690
35,2,0.0012682717193957364,3.495585212305372e-05,0.0006516137927420736,0.0006166579451388131,0.0014812417794018984,0.6405797101449275,691
33,8,0.0012588524448221795,-1.5682852225164306e-05,0.0006215847951945919,0.0006372676519606392,0.0011478280648589134,0.48405797101449277,692
25,2,0.001249265016219621,-2.351650102908657e-06,0.0006234566834778441,0.0006258083351868677,0.000979724107310176,0.5260869565217391,693
30,29,0.0012392129723435652,-7.47875907583638e-06,0.0006158671049532764,0.0006233458718164964,0.002112897112965584,0.47681159420289854,694
35,4,0.0012287476595609905,-5.324649037619025e-05,0.0005877505916335698,0.0006409970806122358,0.001109028235077858,0.41739130434782606,695
31,16,0.0012284208136433322,-1.741560561910866e-05,0.0006055026023718908,0.0006229182105702078,0.0014769094996154308,0.5014492753623189,696
23,25,0.0012260665341497204,2.2884141831588974e-05,0.0006244753409270703,0.0006015911991330475,0.0010874361032620072,0.5202898550724637,697
31,24,0.0012227681875325894,6.734832620408717e-05,0.0006450582561169342,0.0005777099438790279,0.002587636699900031,0.4826086956521739,698
12,7,0.001201215212700924,0.0001185806975449257,0.0006598979583704141,0.0005413172635045434,0.0020790069829672575,0.553623188405797,699
2,28,0.0012004410878337997,-3.217457970622227e-05,0.0005841332551637501,0.0006163078352930851,0.0016656207153573632,0.4449275362318841,700
21,7,0.001196203259019387,-3.774295000997538e-05,0.0005792301575137822,0.0006169731071998325,0.0011120514245703816,0.463768115942029,701
31,21,0.0011943112813584604,2.345779355272353e-05,0.0006088845410451303,0.000585426745559401,0.0011713786516338587,0.5478260869565217,702
28,15,0.0011789119107614144,-2.890713269442895e-05,0.0005750023918707207,0.000603909525056804,0.0012293679174035788,0.4811594202898551,703
28,11,0.0011750227709853788,-4.853358189663687e-05,0.0005632445970347718,0.0006117781739321536,0.0017633279785513878,0.4420289855072464,704
27,29,0.001174401146135347,2.1869989470123193e-05,0.0005981355709134705,0.0005762655792157444,0.0014465984422713518,0.5072463768115942,705
12,11,0.0011731579460910575,3.124824264841004e-05,0.0006022030937316047,0.0005709548505167376,0.0016182910185307264,0.4855072463768116,706
10,2,0.0011727286366742878,4.960135445509113e-05,0.0006111650003098792,0.0005615636458442432,0.0016128006391227245,0.5652173913043478,707
2,10,0.001170489996518987,-5.218845451937354e-06,0.0005826355811565747,0.0005878544239024358,0.0023667518980801105,0.5231884057971015,708
11,7,0.0011422727039894528,2.603890601004304e-05,0.000584155803849369,0.0005581168991910459,0.0016335990512743592,0.49420289855072463,709
35,3,0.001139925323212188,3.947161106528559e-05,0.0005896984710383602,0.0005502268629599079,0.0016883211210370064,0.48695652173913045,710
28,9,0.0011394595155529122,4.064734986929144e-05,0.000590053431672762,0.0005494060819820742,0.0013663381105288863,0.5130434782608696,711
9,15,0.0011235082807800516,3.4025579366309526e-05,0.0005787669323541669,0.000544741354966338,0.002039489569142461,0.508695652173913,712
30,10,0.0011203947257182217,-2.6818354812006134e-05,0.0005467881867672617,0.0005736065451961569,0.0010163031984120607,0.46956521739130436,713
14,29,0.0011190520071028478,-1.1600928351928841e-05,0.0005537255439776346,0.0005653264723229728,0.0017655710689723492,0.4652173913043478,714
31,1,0.0011177022598596945,1.885730449641309e-05,0.0005682797842567104,0.0005494224792383266,0.0009084244375117123,0.5144927536231884,715
11,21,0.001117522620467977,-6.239071522427168e-05,0.0005275659551957886,0.000589956667945312,0.0015066973865032196,0.41304347826086957,716
11,29,0.0011172546360667447,1.4825019252384664e-05,0.000566039825721616,0.0005512148090665637,0.0013218749081715941,0.5260869565217391,717
27,22,0.0011129939373938174,-4.300964052439984e-05,0.0005349921498460732,0.0005780017888790336,0.0011900013778358698,0.4782608695652174,718
9,21,0.0010917947193999113,3.206678690691225e-05,0.0005619307509244908,0.0005298639648348056,0.002162922639399767,0.49420289855072463,719
27,7,0.0010900565007392763,8.619932824673754e-06,0.0005493382210327094,0.0005407182857421846,0.0011642614845186472,0.5391304347826087,720
34,20,0.0010887975880747114,0.00020017755935703503,0.0006444875761387621,0.00044431001432699766,0.0013662398559972644,0.5231884057971015,721
22,27,0.0010647183492582754,-3.3442512124341757e-05,0.0005156379235141566,0.0005490804329462623,0.0009744972339831293,0.4797101449275362,722
3,11,0.001062471111810368,-6.0994950096782294e-05,0.0005007380828842081,0.0005617330339652877,0.0015382440760731697,0.46956521739130436,723
14,1,0.0010593238080258268,3.078882923974574e-05,0.000545056321213148,0.0005142674898746443,0.001533873612061143,0.5246376811594203,724
2,15,0.0010576217351890458,-8.351483049353561e-05,0.00048705345270323247,0.0005705682852749306,0.0014791254652664065,0.3855072463768116,725
28,10,0.001051428492823818,6.221338324961097e-06,0.0005288249153728838,0.000522603580076606,0.00146733527071774,0.48695652173913045,726
14,2,0.0010442584064878537,1.803988262340879e-05,0.0005311491467445971,0.0005131092663509333,0.0010782587341964245,0.5565217391304348,727
32,26,0.0010247854223501011,8.652725737884674e-05,0.000555656344270086,0.00046912908349612195,0.0010765434708446264,0.6043478260869565,728
12,29,0.0010230943519185319,6.884486333003383e-05,0.0005459696109173292,0.00047712474523892075,0.002564760157838464,0.5217391304347826,729
14,30,0.0010184075447255778,-2.5311940253627455e-06,0.0005079381790536623,0.0005104693669267548,0.001252665650099516,0.49130434782608695,730
10,18,0.001014954929722581,-2.087198970951684e-05,0.0004970414777467933,0.0005179134647825275,0.002223872346803546,0.5130434782608696,731
16,8,0.001011892585497201,-5.61800630356484e-05,0.0004778562627915813,0.0005340363266230375,0.0016173220938071609,0.43623188405797103,732
21,0,0.0010056245555777265,-1.3812617019381002e-05,0.0004959059699182905,0.0005097185886278158,0.0008155313553288579,0.4782608695652174,733
0,5,0.001002118246944282,-1.3142908492359245e-05,0.0004944876704531203,0.0005076305781045264,0.001106217154301703,0.47681159420289854,734
12,6,0.0009975181906697074,-3.100502933203524e-05,0.00048325658138745223,0.0005142616104448266,0.001759956358000636,0.4405797101449275,735
16,27,0.0009924294970097844,-9.647130394351615e-05,0.00044797910063146224,0.000544450400699081,0.003101926064118743,0.48840579710144927,736
28,30,0.000990983043664238,2.3174052349215503e-05,0.0005070785500924683,0.0004839044976097943,0.0006873199017718434,0.527536231884058,737
0,29,0.0009649396934327197,-2.2440294156675247e-05,0.0004712497040468472,0.0004936899989026141,0.001015214016661048,0.4246376811594203,738
9,20,0.0009587483282856461,-2.6531070612902008e-05,0.0004661086305308002,0.0004926397059205266,0.0020499599631875753,0.48695652173913045,739
15,26,0.0009344802738717366,7.44440594545544e-05,0.0005044621638671084,0.0004300181047822833,0.0015859390841796994,0.5376811594202898,740
8,27,0.0009256137223217039,9.03683045078361e-05,0.0005079910055718611,0.00041762270678494435,0.0019436862785369158,0.6014492753623188,741
27,26,0.0009238330579466782,8.083156115100027e-07,0.00046232069061248246,0.0004615123703882526,0.0017787680262699723,0.4681159420289855,742
13,21,0.0009217876154476814,3.703524925963459e-05,0.000479411433949228,0.00044237618346507085,0.0010906364768743515,0.5521739130434783,743
27,24,0.0009205745642748956,-1.9983091857099772e-05,0.00045029573706336165,0.0004702788292038547,0.0008432974573224783,0.5130434782608696,744
11,1,0.0009071041090267144,4.9899889478657984e-06,0.00045604705187872533,0.0004510570646084818,0.0016238136449828744,0.5144927536231884,745
35,5,0.0008963436181094975,0.0002243464880920974,0.0005603450562039538,0.0003359985700244315,0.0009774558711797,0.7231884057971014,746
32,31,0.0008958875114146486,9.76902403817144e-05,0.0004967888744141564,0.0003990986360514543,0.0006145605584606528,0.6101449275362318,747
28,31,0.0008855091531691816,-5.735904427468454e-05,0.0004140750569195665,0.00047143410077204453,0.0009181014029309154,0.4652173913043478,748
10,17,0.0008813210193139916,-7.80434833049567e-06,0.000436758335896572,0.0004445626855777991,0.0009324130951426923,0.5043478260869565,749
0,13,0.0008796437935165739,1.7015786419756625e-05,0.0004483297907611721,0.0004313140035146321,0.001190240029245615,0.5115942028985507,750
13,13,0.000878679058721742,3.826713966077477e-05,0.00045847310189078535,0.0004202059578426048,0.0011493891943246126,0.5463768115942029,751
32,21,0.0008720662795552187,4.248572855345444e-05,0.0004572760034125826,0.0004147902735064196,0.0010983266402035952,0.563768115942029,752
13,25,0.0008711884683799471,-1.3706208776478677e-05,0.000428741130109183,0.000442447338134999,0.0008323013316839933,0.463768115942029,753
24,2,0.0008600952263594187,4.1528549555152124e-05,0.0004508118899863895,0.00040928333847672997,0.000867536582518369,0.572463768115942,754
5,14,0.0008554060636621823,3.837655624564555e-06,0.00042962186124487494,0.00042578420558340334,0.001431714161299169,0.5652173913043478,755
6,5,0.0008459911088932025,-1.641470522451488e-05,0.0004147882029310099,0.00043120290998637715,0.0010947949485853314,0.4217391304347826,756
7,3,0.0008389342416510613,-4.319963640807765e-05,0.00039786730285677416,0.00044106693431008285,0.0013283378211781383,0.4420289855072464,757
31,27,0.000838142064118153,-6.996512135828383e-05,0.0003840884691785702,0.00045405359504766766,0.0012147624511271715,0.4782608695652174,758
4,23,0.0008320579203875926,1.1541086333979194e-05,0.0004217995049090688,0.00041025841974919454,0.0012805467704311013,0.5434782608695652,759
23,16,0.000824993341234074,-1.4409264939542377e-05,0.00040529203963714005,0.00041970130425951263,0.0007660231785848737,0.49420289855072463,760
25,22,0.0008077671056578739,-1.2091490826487247e-05,0.0003978378059558884,0.0004099292985895021,0.0006079570739530027,0.49130434782608695,761
28,28,0.0007983081605440627,-6.708999047117212e-06,0.00039579958294015726,0.00040250857817991875,0.000669954577460885,0.4811594202898551,762
27,21,0.0007932346456020268,1.2745956165299107e-05,0.00040299030180798636,0.0003902443476811417,0.0012360370019450784,0.4985507246376812,763
31,2,0.0007917483313023062,2.194746603871191e-05,0.000406847904614024,0.0003849004363460615,0.0008187023340724409,0.4811594202898551,764
2,29,0.0007825983605879879,8.819679352608797e-06,0.0003957090196842688,0.00038688934321238566,0.00113380525726825,0.45217391304347826,765
27,4,0.0007784223852982193,3.9785003735338196e-05,0.00040910369643825105,0.0003693186912945142,0.0009260492515750229,0.5608695652173913,766
25,5,0.0007738845815396601,2.6359850084111753e-06,0.000388260287034928,0.00038562430179255264,0.0008786937105469406,0.4985507246376812,767
30,21,0.0007697215724413358,-2.569518470537609e-05,0.0003720131955903354,0.00039770838040132495,0.001082028727978468,0.4449275362318841,768
30,22,0.000764718159384295,-2.0118716748992734e-05,0.00037229972278141033,0.000392418441660466,0.0008527104509994388,0.44782608695652176,769
3,0,0.0007552972353906902,-5.945717339964967e-05,0.00034792003447812705,0.00040737720827683404,0.0011877930955961347,0.4101449275362319,770
10,24,0.000752175259884203,-3.6883616545587162e-06,0.00037424344979850846,0.00037793181247674297,0.0008377371705137193,0.49130434782608695,771
10,31,0.0007517884868623999,4.373506573057861e-05,0.0003977617826751447,0.0003540267106407133,0.0014845215482637286,0.4956521739130435,772
10,4,0.0007487614246939842,-2.3214725504895677e-05,0.0003627733503837616,0.0003859880746107513,0.001243232050910592,0.5057971014492754,773
14,28,0.0007400720820283902,1.3442207846870534e-06,0.0003707081532780464,0.0003693639309331311,0.0011223864275962114,0.45362318840579713,774
27,14,0.0007374432210939552,-3.4954455354702496e-05,0.000351244384928841,0.00038619883833999284,0.0005334096495062113,0.45652173913043476,775
13,11,0.0007342690576386805,-2.6616592290700783e-05,0.00035382623339804314,0.0003804428295124113,0.0010158743243664503,0.49130434782608695,776
13,24,0.0007297423158941429,2.0968645815733854e-05,0.00037535548179194864,0.0003543868367390699,0.001074157073162496,0.518840579710145,777
31,19,0.0007208438735358578,-4.601952888939142e-06,0.0003581209610979715,0.0003627229141494499,0.001336068962700665,0.4623188405797101,778
30,12,0.0007199247921338268,-6.221820920809083e-07,0.0003596513089784518,0.0003602734862245901,0.0008237554575316608,0.5028985507246376,779
35,6,0.0007058006905204504,-4.68509656959701e-05,0.00032947486848319965,0.00037632583149994995,0.000988379237242043,0.38115942028985506,780
14,0,0.0007003670145370078,-7.5866194619714186e-06,0.00034639019811657964,0.00035397681796393296,0.0006874339305795729,0.5,781
31,17,0.0006835504291618987,8.073365633162462e-06,0.000345811896527332,0.0003377385343560161,0.0008119453559629619,0.5130434782608696,782
30,0,0.0006803758317260688,7.2309101354854334e-06,0.00034380337204746196,0.0003365724569553951,0.0009043031022883952,0.5579710144927537,783
14,20,0.000678215868556699,-3.4892802951960046e-05,0.0003216615367489504,0.0003565543389598041,0.0022767202463001013,0.49420289855072463,784
13,7,0.0006538893792690098,-4.7399886712246764e-05,0.00030324474800959316,0.0003506446358754318,0.0011180186411365867,0.47681159420289854,785
32,20,0.0006533255063782301,-7.89690417987267e-06,0.0003227143017495004,0.00033061120678779107,0.0007545348489657044,0.47246376811594204,786
11,22,0.0006485827965450986,-1.0498173021559247e-05,0.0003190423134082517,0.00032954048540399317,0.0008077884558588266,0.5101449275362319,787
6,12,0.0006473991822491845,5.657311198379118e-06,0.00032652824663101994,0.00032087093467176285,0.0005975670064799488,0.5463768115942029,788
25,19,0.0006463169499287345,5.597282467428211e-06,0.000325957118967262,0.0003203598352163259,0.0007079025381244719,0.5318840579710145,789
32,23,0.0006441418681841216,2.8610114052924842e-05,0.00033637599210677486,0.0003077658753497509,0.0006129684625193477,0.47391304347826085,790
32,17,0.0006440239941000165,4.157720767764566e-05,0.0003428006040387803,0.0003012233962510726,0.0008755931630730629,0.5420289855072464,791
2,11,0.0006411604572797618,-4.271978959086877e-06,0.0003184442387312932,0.0003227162185965795,0.0013769424986094236,0.48985507246376814,792
11,28,0.00063753478482439,2.197854679891769e-05,0.0003297566664606574,0.00030777811941756013,0.0007897164323367178,0.5391304347826087,793
30,5,0.0006311248388068423,3.0849424949693736e-05,0.0003309871322267429,0.00030013770719697407,0.0007353839464485645,0.5159420289855072,794
31,23,0.0006303853055583928,2.0577483042290913e-05,0.00032548139595456777,0.000304903912707311,0.0008484466234222054,0.49420289855072463,795
10,6,0.0006294068344647278,2.6831233081674843e-06,0.00031604497730307004,0.00031336185352104264,0.0007885269587859511,0.5318840579710145,796
20,24,0.0006270981290032543,5.529351950101039e-06,0.00031631374238291966,0.00031078438865417567,0.0007555297925136983,0.5318840579710145,797
4,21,0.000621945619900214,3.260162780281752e-05,0.0003272736236360051,0.00029467199730287823,0.00104713614564389,0.5260869565217391,798
8,30,0.0006212810516655631,-1.7558316665804012e-05,0.0003018613691708289,0.00031941968167091653,0.0009104865021072328,0.46956521739130436,799
14,3,0.0006124278769003349,2.738061904754273e-05,0.0003199042489369817,0.0002925236306035241,0.0009662824450060725,0.48985507246376814,800
11,8,0.0006111874186688615,2.4861700081680244e-05,0.00031802456068612955,0.0002931628632657099,0.0013136295601725578,0.4855072463768116,801
29,29,0.0006077270743251416,-5.159104018994054e-07,0.0003036055825206226,0.00030412149214195476,0.000887026428245008,0.43333333333333335,802
3,9,0.0006074026903081466,-1.768481323700183e-05,0.0002948589400135013,0.0003125437524260264,0.0009644737583585083,0.43623188405797103,803
30,15,0.0005992735359936689,-1.6394259980017155e-05,0.000291439637667413,0.0003078338992291601,0.0005616122507490218,0.4681159420289855,804
12,27,0.0005948672391399589,1.3420319466350533e-05,0.000304143780055671,0.0002907234597262067,0.0008350018179044127,0.5681159420289855,805
30,30,0.0005926722376199799,-2.872353696764127e-05,0.00028197435174437147,0.00031069788864824925,0.0006282032700255513,0.4855072463768116,806
28,29,0.0005923875218760931,2.9861115093927252e-05,0.0003111243191544444,0.0002812632019887805,0.0007055827882140875,0.5492753623188406,807
10,8,0.0005891007342907487,-1.558969957211931e-05,0.00028675551903438316,0.00030234521644727637,0.0006624304223805666,0.45652173913043476,808
23,18,0.0005842883756723376,3.420320215058303e-05,0.0003092457896842013,0.0002750425875290049,0.0005107700126245618,0.5565217391304348,809
10,19,0.0005835640716068683,-1.3902989782427936e-05,0.00028483054108843477,0.00029873353047625404,0.0008985910681076348,0.527536231884058,810
23,17,0.0005814046021613108,1.0062850464421807e-05,0.0002957337290766098,0.00028567087838250765,0.0005553222727030516,0.5304347826086957,811
10,30,0.0005796929887751964,3.26922269893486e-05,0.0003061926086838471,0.0002735003834867962,0.0011226542992517352,0.5333333333333333,812
32,24,0.0005789108785709528,2.60862781240813e-05,0.0003024985800981296,0.0002764123021773665,0.0008358934428542852,0.5202898550724637,813
30,28,0.0005750931050752642,-8.613593120677198e-06,0.0002832397553216994,0.0002918533490312415,0.000489621190354228,0.463768115942029,814
10,1,0.0005742558410217854,-3.80655196531701e-06,0.00028522464619520866,0.0002890311982243303,0.0006719210650771856,0.47391304347826085,815
11,25,0.0005687442034062426,3.9320607764410314e-05,0.0003040324072018215,0.0002647118002628765,0.0008125276071950793,0.5391304347826087,816
3,20,0.0005637299083874509,1.7325997903397998e-06,0.00028273125441916384,0.00028099865377716134,0.0010953923920169473,0.4782608695652174,817
3,16,0.000562282191806488,-3.165416381869963e-05,0.0002653140154098514,0.00029696818039973144,0.0009629957494325936,0.4246376811594203,818
10,16,0.0005614399079011333,-2.5930620105772623e-05,0.00026775464473072474,0.0002936852643527517,0.0009934920817613602,0.47246376811594204,819
3,4,0.000558978362026381,-6.0879788482755735e-05,0.0002490492883146584,0.0003099290762266732,0.001023455522954464,0.3652173913043478,820
4,3,0.0005539131984271766,2.6489302727777216e-05,0.00029020125030528753,0.00026371194863726935,0.0007701453287154436,0.5202898550724637,821
1,9,0.0005530693011032649,-1.6125336476652986e-05,0.0002684719806221319,0.0002845973165650334,0.0009870968060567975,0.4753623188405797,822
13,23,0.0005522656700729082,6.549212882774832e-06,0.00027940744050046425,0.0002728582282978333,0.0008118099649436772,0.5,823
17,30,0.0005503559652899402,2.7816297439539334e-06,0.0002765687980238421,0.00027378716910090483,0.0007939593051560223,0.48840579710144927,824
7,2,0.0005499003643901391,-9.22998499077764e-06,0.0002703351924089699,0.00027956517701502467,0.001126763061620295,0.5492753623188406,825
32,29,0.0005477798234979686,-1.326043887775745e-06,0.0002732268912054217,0.000274552937151094,0.0005587139166891575,0.5028985507246376,826
1,11,0.0005472279872396873,-3.69424957869447e-05,0.00025514275155043265,0.000292085245555295,0.0014842493692412972,0.4608695652173913,827
9,29,0.0005383948721393371,-3.662378500380789e-05,0.0002508855411554617,0.0002875093284175186,0.0012958021834492683,0.49130434782608695,828
21,1,0.0005372552492664671,-1.6183576039823135e-05,0.00026053583777589347,0.00027671941530517895,0.0003711673489306122,0.44782608695652176,829
11,10,0.0005313150972221553,6.149521555675744e-05,0.0002964051592316273,0.00023490994295254653,0.0013013252755627036,0.5507246376811594,830
2,12,0.0005312007722605431,-1.8701701040866454e-06,0.00026466530331901224,0.0002665354719099106,0.0010329423239454627,0.5260869565217391,831
8,22,0.0005254875064908275,1.4509235245276467e-07,0.0002628162990533937,0.0002626712056355799,0.0009749269229359925,0.5028985507246376,832
2,18,0.0005221944122214167,-3.3385480445679646e-05,0.00024440446465724973,0.00027778994694729236,0.0009871615329757333,0.4797101449275362,833
4,22,0.0005184993204185984,-2.8115563636048676e-05,0.00024519187773098497,0.00027330744184006977,0.0011118240654468536,0.41884057971014493,834
3,23,0.0005174951535108436,1.6132184951079514e-05,0.00026681367213788454,0.000250681484100125,0.0009318517986685038,0.5420289855072464,835
11,2,0.0005109395944482062,1.717141117131942e-05,0.000264055504525775,0.00024688409384314425,0.0008057725499384105,0.46956521739130436,836
2,9,0.0005091656898055563,-4.466925395329293e-05,0.0002322482191406037,0.0002769174702471123,0.0010379413142800331,0.4101449275362319,837
2,31,0.0005087181042996974,9.453400716797593e-06,0.0002590857521035882,0.0002496323511501902,0.0012844896409660578,0.563768115942029,838
2,21,0.0005039062274037227,-4.05137023459952e-05,0.00023169626126904062,0.0002722099671456712,0.0010032063582912087,0.4985507246376812,839
25,18,0.0005030576407844437,7.506886343277153e-06,0.0002552822658759871,0.00024777537880214844,0.0004938957281410694,0.5231884057971015,840
23,19,0.00050201317807069,-2.3544965964065077e-05,0.00023923410616411592,0.0002627790734207509,0.00041022017830982804,0.44782608695652176,841
9,0,0.0004939292198722124,-6.976950752838699e-06,0.0002434761357463962,0.00025045308817899913,0.0006681507802568376,0.5289855072463768,842
30,20,0.0004894917030680412,-6.754959667557779e-06,0.00024136837242305932,0.0002481233318840036,0.0003601536445785314,0.48405797101449277,843
14,23,0.0004890661524057023,-2.9595420235215197e-06,0.00024305330450353222,0.00024601284816315564,0.001019728253595531,0.4492753623188406,844
9,26,0.0004844952862001357,1.0905867082763745e-05,0.0002477005771981857,0.00023679471211795791,0.0008671499672345817,0.5115942028985507,845
11,17,0.00047727509669472795,-2.9680315976846664e-06,0.0002371535334347847,0.00024012156706004938,0.0008383016102015972,0.49130434782608695,846
3,13,0.0004757918528833914,-3.295712272449526e-05,0.0002214173665432073,0.00025437449050540623,0.0008161073201335967,0.42318840579710143,847
29,28,0.0004698100462585411,-3.644745969610823e-05,0.0002166812932520533,0.0002531287553151544,0.00047335372073575854,0.43043478260869567,848
12,25,0.0004687431860475044,-1.8925145389277822e-05,0.00022490902029278294,0.00024383416576856162,0.0009189134580083191,0.4666666666666667,849
9,16,0.00045604832578291006,-2.3629522128878992e-05,0.00021620940355653831,0.00023983892243990525,0.0009137263405136764,0.4579710144927536,850
4,31,0.00045040511744498844,4.571547157875893e-05,0.0002480602942282333,0.0002023448222710125,0.0010542436502873898,0.5115942028985507,851
1,17,0.00044785902238167496,-2.569652165401999e-05,0.0002110812513826428,0.00023677777400629618,0.0007189384195953608,0.4057971014492754,852
0,14,0.00044553906157660466,2.891993104735841e-05,0.00023722949590592178,0.00020830956490749817,0.0006774174980819225,0.5681159420289855,853
13,20,0.0004447059978754597,-6.591043750407719e-07,0.00022202344720611015,0.00022268255205204512,0.0005659873131662607,0.49420289855072463,854
10,3,0.00044322486075174493,1.2421808098086172e-05,0.0002278233345449458,0.0002154015268783753,0.000477834400953725,0.5260869565217391,855
10,28,0.00044220519545848695,-1.2344651925615467e-05,0.00021493027309364717,0.00022727492470184571,0.0005126033793203533,0.4666666666666667,856
21,3,0.000440541722974044,6.65192586353257e-06,0.0002235968255342374,0.00021694490013731516,0.00032165105221793056,0.5623188405797102,857
9,24,0.0004401900544046615,-7.993183504842581e-07,0.00021969537024958392,0.00022049468944200984,0.0011387061094865203,0.48695652173913045,858
8,15,0.00042808928241013915,-1.3721738945526379e-05,0.00020718377220913206,0.000220905509785803,0.0006653923774138093,0.5144927536231884,859
4,28,0.00042770455740168654,-8.63768084087312e-06,0.00020953343880888577,0.000218171118582915,0.000784845557063818,0.4753623188405797,860
27,1,0.0004237040834385076,6.803754927270769e-06,0.00021525392041927473,0.00020845016652540083,0.0004054144083056599,0.4927536231884058,861
6,15,0.0004223474562277788,-3.358887409086637e-07,0.00021100578336884516,0.00021134167249513573,0.0003706666175276041,0.518840579710145,862
3,12,0.00041949858392346896,6.023521046045787e-05,0.00023986689428524634,0.00017963168264368109,0.0018967950018122792,0.5710144927536231,863
14,21,0.00041890352385698994,-3.5599685530258654e-05,0.00019165191985545487,0.0002272516077067374,0.0008871097816154361,0.4492753623188406,864
2,14,0.0004167330577373555,-3.6955673369836893e-06,0.00020651874644460368,0.00021021431409768622,0.0007070735446177423,0.4652173913043478,865
11,30,0.000413667105575492,-8.264949447549584e-06,0.00020270107973018362,0.00021096602923745999,0.0008426625281572342,0.5144927536231884,866
10,11,0.00041362310326750984,2.3649955340201617e-05,0.0002186365292932285,0.00019498657468144644,0.0005807135603390634,0.5652173913043478,867
32,30,0.00041294944861400165,1.0204615706981345e-06,0.0002069849574440198,0.00020596449632279658,0.0005204264889471233,0.5478260869565217,868
11,19,0.00041235833949400147,3.119676106552027e-05,0.00022177754879099877,0.00019058078969069555,0.0009541984763927758,0.5260869565217391,869
5,9,0.0004108469922383834,1.1204702993540116e-05,0.0002110258469208244,0.00019982114370551256,0.0005740696797147393,0.5811594202898551,870
4,25,0.00040963391525703787,6.681938739051396e-06,0.00020815792566255382,0.00020147598706832956,0.0007794627454131842,0.4681159420289855,871
1,6,0.0004068609285214747,-9.283089045650911e-06,0.00019878892059381728,0.00020807201072995562,0.0006485591293312609,0.4971014492753623,872
29,25,0.00040339439317746005,-1.766572906714261e-05,0.00019286433324409237,0.00021053006143634064,0.0005243778578005731,0.5101449275362319,873
24,0,0.00039885397488525495,6.625663374269725e-06,0.00020273982040239588,0.00019611415742059286,0.00034245074493810534,0.5304347826086957,874
10,20,0.0003977867252378137,-1.6400891123393906e-05,0.00019069291883354615,0.00020709380954993294,0.0005280911573208869,0.4826086956521739,875
2,8,0.0003969916305125124,1.44441218368967e-05,0.00020571787903516425,0.00019127375494792722,0.0008158685523085296,0.47681159420289854,876
5,31,0.0003948919068653081,-2.8188026085214347e-05,0.00018335194005846025,0.0002115399693145488,0.0008961884886957705,0.4405797101449275,877
8,14,0.0003922880844650048,-1.1755828388455826e-06,0.0001955562506829164,0.00019673183387699215,0.0005991984508000314,0.463768115942029,878
11,11,0.0003921725020755611,-9.845568819816e-06,0.00019116346432489028,0.0002010090338006299,0.0010162349790334702,0.4420289855072464,879
2,17,0.00039188075178822477,-3.672928350700507e-05,0.0001775757361753571,0.00021430501867170264,0.0007421897607855499,0.4463768115942029,880
24,3,0.0003838718635724154,1.8198284331354943e-05,0.00020103507432144978,0.00018283679060070849,0.0004582645487971604,0.5173913043478261,881
4,30,0.0003767376879611971,-8.134626881840539e-07,0.000187962113107895,0.00018877557713297037,0.0007725015748292208,0.4855072463768116,882
13,4,0.00037611881997941384,-1.1915444669320873e-05,0.00018210168868461262,0.00019401713321001254,0.0005663656629621983,0.4782608695652174,883
23,27,0.0003722524791002165,1.9674194222419748e-05,0.0001959633374975754,0.00017628914323775436,0.0003205494722351432,0.5550724637681159,884
11,5,0.00036909910925095427,2.3205079757506452e-05,0.0001961520944227548,0.00017294701336905365,0.0004615127108991146,0.5478260869565217,885
10,5,0.0003661028956428155,2.0705739622737543e-05,0.00019340431745017733,0.00017269857836267412,0.0004345545603428036,0.6289855072463768,886
4,20,0.00036569178221369564,5.847699742883814e-06,0.00018576974199290355,0.0001799220411065608,0.00047197582898661494,0.5376811594202898,887
29,30,0.00036383215678063646,-1.7905157946323516e-05,0.0001729635000292942,0.00019086865801738525,0.0004918480990454555,0.43623188405797103,888
8,24,0.000362760894503204,1.0338184761397882e-05,0.00018654954017593823,0.0001762113553685713,0.0008894124184735119,0.4971014492753623,889
2,16,0.0003622163612066209,-1.9499417990645915e-05,0.00017135847404236868,0.00019085789023939878,0.0006343739805743098,0.39855072463768115,890
8,3,0.0003621228981039852,-5.748773066832233e-06,0.00017818706306715667,0.00018393583637602652,0.00044730465742759407,0.47101449275362317,891
6,29,0.0003569229651422601,-1.2611770343723486e-05,0.00017215559819833023,0.00018476736784947022,0.0007515921606682241,0.48405797101449277,892
2,6,0.0003552818977381769,3.0604149705358515e-06,0.00017917115577129942,0.00017611074242656775,0.0006432031514123082,0.43768115942028984,893
32,25,0.0003527473339921056,2.2005197651480188e-05,0.00018737626627563403,0.0001653710690106891,0.00039160813321359456,0.5942028985507246,894
9,31,0.00035244911626685515,3.6690370609284257e-07,0.00017640801190374486,0.00017604110578436054,0.0007720239809714258,0.5405797101449276,895
6,18,0.0003470472434618505,1.0133942071519597e-05,0.00017859059384979934,0.00016845665010238746,0.0006394162774085999,0.45217391304347826,896
8,25,0.00033930338658651833,-1.7366941814827074e-05,0.00016096822361061534,0.0001783351658520152,0.0005110155907459557,0.45942028985507244,897
6,6,0.0003372368232084082,-9.019808786545753e-06,0.00016410850797436306,0.000173128317971756,0.00047858012840151787,0.5173913043478261,898
6,24,0.00033501936538506426,-4.658926026458953e-06,0.00016518022087346753,0.00016983914746481827,0.00048266316298395395,0.5072463768115942,899
9,3,0.0003328515358444365,2.3470934820579716e-06,0.00016759931504764056,0.00016525222219003637,0.0004608564777299762,0.5289855072463768,900
1,10,0.000332775857350498,-1.0179769854080338e-05,0.00016129804341480982,0.0001714778159949028,0.0005249326350167394,0.41304347826086957,901
8,18,0.000328564866853465,-7.1822948130381745e-06,0.00016069128578962682,0.00016787358158317279,0.0005591197987087071,0.5028985507246376,902
1,25,0.00032180511635237634,-2.627304133982867e-06,0.00015958890536516582,0.0001622162098875787,0.0004202433628961444,0.5449275362318841,903
9,9,0.0003194720820750302,-9.328740227572227e-06,0.0001550716709918587,0.00016440041074046335,0.00046088482486084104,0.5043478260869565,904
8,17,0.00031295235452937734,1.0238640299536674e-05,0.0001615954967918156,0.00015135685718791058,0.0004934020689688623,0.5710144927536231,905
0,12,0.0003107295492040778,3.842627669642304e-06,0.00015728608929115896,0.00015344346114666815,0.00039411691250279546,0.49420289855072463,906
4,0,0.00030911553678932886,1.93495313695074e-07,0.00015465451666334075,0.00015446102174857936,0.0005097522516734898,0.45652173913043476,907
3,1,0.00030669926752217587,-9.398245702601818e-06,0.00014865051228502704,0.0001580487562497855,0.0006266653072088957,0.47246376811594204,908
11,23,0.00030239743743774286,4.1715661424951985e-06,0.00015328450095509745,0.00014911293575109534,0.0003472505777608603,0.47101449275362317,909
9,1,0.0003018018820064068,-1.492494511134335e-06,0.00015015469438947257,0.00015164718934497417,0.00041433991282247007,0.4811594202898551,910
1,8,0.0002997035255762255,-1.0194224584033097e-05,0.00014475465155173615,0.00015494887659611855,0.0004962033126503229,0.47391304347826085,911
3,15,0.00029600774943729986,7.34785522907892e-07,0.00014837126794922686,0.00014763648283221392,0.0009189146221615374,0.5666666666666667,912
3,22,0.00029414780213999725,-7.880489860214594e-06,0.00014313365652238988,0.00015101414664111845,0.0006605289527215064,0.45072463768115945,913
8,16,0.00029028307627294967,-2.1461071324695338e-06,0.00014406848562680682,0.00014621459190889056,0.0004180381656624377,0.4753623188405797,914
2,26,0.00028867068919904683,-4.718857621728076e-06,0.00014197591669465285,0.00014669477382349083,0.0005017470684833825,0.47101449275362317,915
5,12,0.00028529885918375666,9.316209663989023e-06,0.000147307536341638,0.00013799132599371554,0.0007697416585870087,0.4826086956521739,916
0,24,0.0002820118440217482,8.366141671360863e-06,0.00014518899405682506,0.00013682285127907708,0.0004704327438957989,0.5231884057971015,917
4,2,0.0002721023836309779,-1.2940036139548612e-06,0.00013540419031810217,0.0001366981943212285,0.000336368364514783,0.508695652173913,918
7,10,0.00027176440752410216,-8.825112924191803e-06,0.00013146964764651468,0.00014029476132618846,0.000556875194888562,0.5550724637681159,919
10,25,0.00027149839741706156,-7.162924302529855e-06,0.00013216773530147938,0.00013933065990214886,0.0005450159660540521,0.5391304347826087,920
12,22,0.00026997981303925305,2.388101450582906e-06,0.00013618395805349502,0.00013379585733067263,0.00043550910777412355,0.5202898550724637,921
10,14,0.0002651569357560905,-7.944806790142732e-06,0.00012860606443807583,0.00013655087225387157,0.0004493494052439928,0.5072463768115942,922
2,5,0.000264548290419623,9.826342906196089e-06,0.0001371873174281538,0.00012736097344358036,0.00042302708607167006,0.5710144927536231,923
8,8,0.0002636899094136754,-1.22859711448167e-06,0.00013123065666835484,0.00013245925335494564,0.000375030969735235,0.5,924
8,5,0.00026129733624538463,-7.522257741571145e-06,0.0001268875395002054,0.00013440979758777994,0.00038650899659842253,0.5014492753623189,925
0,4,0.00026099049424848763,-4.780371188786191e-06,0.00012810506195127464,0.00013288543247482807,0.00031399447470903397,0.45942028985507244,926
9,18,0.00025899931787917274,-3.305105034611267e-06,0.0001278471071287456,0.00013115221231502168,0.0004259436100255698,0.5202898550724637,927
27,6,0.0002577946383309503,2.445212986504634e-06,0.00013011992627650834,0.0001276747138602503,0.00028265887522138655,0.5289855072463768,928
9,12,0.00025521269328263757,-1.8508814076520376e-06,0.00012668090602926604,0.00012853178814177649,0.0004636255034711212,0.5,929
8,0,0.0002549241230883416,-3.7377150515633242e-06,0.0001255932048328153,0.0001293309189007403,0.00044013324077241123,0.45942028985507244,930
6,27,0.0002547523169240499,8.9274735069547e-06,0.00013183989596154128,0.00012291242189441118,0.00063693942502141,0.49130434782608695,931
5,13,0.0002525904904544312,-1.0138027189391916e-05,0.00012122623227505624,0.00013136425909051732,0.0004938045749440789,0.5115942028985507,932
6,11,0.0002519422407124733,3.7931590727764515e-06,0.00012786770071018154,0.0001240745409631927,0.0006902599125169218,0.4492753623188406,933
29,31,0.00024879098064772826,-1.6017891082158356e-06,0.0001235945979316597,0.00012519638656543897,0.0005365691613405943,0.5043478260869565,934
6,26,0.00024230985507107318,7.632091481468705e-07,0.0001215365315977618,0.0001207733236552103,0.000346916145645082,0.4927536231884058,935
15,27,0.0002400033846592176,-6.62817467474744e-06,0.0001166876066295315,0.00012331578099773638,0.00046825569006614387,0.49420289855072463,936
25,3,0.00023102829717295802,1.2119750634327289e-05,0.00012157402415128224,0.00010945427298345064,0.00016312161460518837,0.553623188405797,937
6,30,0.000230385790174309,7.517808778942893e-06,0.00011895179983922929,0.0001114339906283588,0.00038829277036711574,0.5173913043478261,938
0,0,0.00021905805125256385,-1.0548677759357895e-05,0.00010425468714026425,0.00011480336486889374,0.00023405515821650624,0.4144927536231884,939
8,28,0.00021790149801587255,1.9049860584774263e-05,0.00011847567950619544,9.9425818904121e-05,0.0004171940381638706,0.5826086956521739,940
5,23,0.00021741337640496963,1.4999298310445026e-06,0.00010945665343425007,0.00010795672527015942,0.0006423120503313839,0.5550724637681159,941
12,0,0.0002172896988760339,-6.328331546452661e-06,0.00010548068460962711,0.0001118090164017422,0.00032689643558114767,0.45362318840579713,942
5,22,0.00021451651524409459,6.488577042691232e-06,0.00011050254632578614,0.0001040139690310067,0.0002942947612609714,0.47681159420289854,943
7,22,0.0002125652436316686,-5.173970144128823e-06,0.00010369563604999185,0.00010886960838341612,0.00035728694638237357,0.5014492753623189,944
6,16,0.00020843253458988856,6.8409026078970255e-06,0.00010763671900903041,0.0001007958167552926,0.0003993545542471111,0.5434782608695652,945
5,4,0.00020610966722033218,-5.405697953125602e-06,0.00010035198461510858,0.00010575768175075991,0.0004515239270403981,0.4623188405797101,946
2,1,0.00020609130700957368,-6.007426886869154e-06,0.00010004194023233562,0.0001060493671515808,0.00023936563229653984,0.43623188405797103,947
6,13,0.00020576570531493813,7.155959589325626e-06,0.00010646083311732344,9.930487289818922e-05,0.00031151596340350807,0.5115942028985507,948
6,4,0.00020492801724448446,-2.2585241115690303e-06,0.00010133474700168058,0.00010359327125774723,0.00039329042192548513,0.4652173913043478,949
2,25,0.00020281205803864092,4.958536780752209e-06,0.00010388529740042862,9.892676106099554e-05,0.0003723792906384915,0.45362318840579713,950
14,22,0.00020265230546035614,-1.563508936237997e-06,0.00010054439797722412,0.00010210790778300166,0.0003661925147753209,0.553623188405797,951
7,1,0.00020254062032359218,1.3925263799081591e-05,0.00010823294203897023,9.430767758256452e-05,0.00031735264929011464,0.6043478260869565,952
8,12,0.0002015332641309689,8.82546456429499e-07,0.0001012079067517123,0.00010032535912640911,0.00027975428383797407,0.5072463768115942,953
3,17,0.00020026815010182412,-1.472759270727429e-05,9.277027909550836e-05,0.0001074978721970618,0.0002714832953643054,0.45217391304347826,954
2,27,0.00019875571141697498,2.1912124088555795e-06,0.00010047346127462135,9.828224978910061e-05,0.00024133666011039168,0.45217391304347826,955
29,24,0.000198641223526307,3.7697486025789644e-06,0.00010120548653045605,9.74357387500883e-05,0.00032568300957791507,0.5,956
7,26,0.00019576512114208132,4.503981760273706e-06,0.00010013455171378998,9.56305698761186e-05,0.0002205684722866863,0.5420289855072464,957
7,20,0.0001947836813852136,8.832153557466262e-06,0.0001018079171498245,9.297576384003901e-05,0.0003620687348302454,0.5130434782608696,958
6,7,0.00019456488905590327,-2.0130762416793797e-06,9.627590648380937e-05,9.828898261180191e-05,0.0003306677972432226,0.5246376811594203,959
2,0,0.00019406458385990688,-9.017386213290065e-07,9.658142303453423e-05,9.748316137798953e-05,0.0003336716035846621,0.4608695652173913,960
1,14,0.0001894709029790871,1.4398337063302398e-06,9.545536890784759e-05,9.40155353372825e-05,0.00019670605252031237,0.48840579710144927,961
6,28,0.0001836926537272529,-1.6984675657594367e-06,9.099709359361441e-05,9.269556245416807e-05,0.000359262601705268,0.48695652173913045,962
2,24,0.0001831954919077322,2.1431551798316477e-06,9.266932381607425e-05,9.052616882452613e-05,0.00026476194034330547,0.5072463768115942,963
9,2,0.0001808572625729236,7.896996692166149e-06,9.437712961975511e-05,8.648013286979814e-05,0.00034631197922863066,0.527536231884058,964
2,19,0.00018028856284909916,1.1008252749600588e-05,9.564840795750227e-05,8.464015555773586e-05,0.0004136489296797663,0.5159420289855072,965
1,27,0.0001792083927489,-3.030765356510054e-06,8.80888137168728e-05,9.111957930882994e-05,0.0003119663742836565,0.46956521739130436,966
0,17,0.00017421148043243758,-8.008392703406598e-06,8.310154440613442e-05,9.110993685720566e-05,0.0004206303565297276,0.5449275362318841,967
0,23,0.0001739951860553697,1.6096637113071704e-08,8.700564147533362e-05,8.698954543367596e-05,0.0001961479865713045,0.44782608695652176,968
4,14,0.00016843980536551513,-3.348141649254281e-06,8.254583178208175e-05,8.589397354586728e-05,0.00029285901109687984,0.4855072463768116,969
3,18,0.00016771547121224747,4.152829813745194e-06,8.59341512266284e-05,8.178132157624624e-05,0.00021076203847769648,0.5159420289855072,970
10,0,0.00016182729768645559,8.023089745526466e-06,8.492519433618155e-05,7.690210415992202e-05,0.00020996571402065456,0.5971014492753624,971
1,20,0.00015947806205999306,-2.1788062488245698e-07,7.963009109424594e-05,7.984797152923842e-05,0.00019419565796852112,0.4985507246376812,972
4,16,0.00015939349723207737,2.2587018036020985e-07,7.980968404670262e-05,7.958381378280731e-05,0.00023132599017117172,0.4971014492753623,973
4,10,0.0001593153588489087,-4.240091296170262e-07,7.944567482018497e-05,7.986968403300758e-05,0.00022518300102092326,0.4492753623188406,974
4,9,0.00015886420687095688,3.00462219476448e-06,8.093441496108109e-05,7.792979293931832e-05,0.0001970750599866733,0.5492753623188406,975
0,3,0.00015823548665271054,-3.294676091094058e-05,6.264436446461173e-05,9.559112546623404e-05,0.0009534695418551564,0.4855072463768116,976
1,26,0.0001578098589891232,-1.1138321577615332e-05,7.333576881651623e-05,8.447409043754675e-05,0.00017973119975067675,0.4318840579710145,977
30,31,0.0001572071659158636,-6.440839196942682e-07,7.828154114155251e-05,7.892562513810897e-05,0.0001689558703219518,0.4797101449275362,978
9,10,0.00015568213028651053,-9.637049637656646e-08,7.779288006057196e-05,7.788925034160259e-05,0.00021384336287155747,0.518840579710145,979
1,18,0.00015429135368111126,-2.3587537529208376e-06,7.596630009399066e-05,7.832505315313344e-05,0.00026725383941084146,0.47391304347826085,980
9,11,0.00015398362547389496,2.218002417032e-06,7.810081348340474e-05,7.588281143161231e-05,0.00023896785569377244,0.5347826086956522,981
8,20,0.00015248211668512194,1.0033853208620133e-05,8.125798540013552e-05,7.122413233683682e-05,0.00024070874496828765,0.5811594202898551,982
3,21,0.00015161510583983846,-4.8728794240972e-06,7.337111459890735e-05,7.824399341399735e-05,0.0003612611908465624,0.48695652173913045,983
6,14,0.0001515324360100393,4.859938380181502e-06,7.819618686696324e-05,7.333624921820824e-05,0.0002991172659676522,0.5246376811594203,984
1,16,0.00015098232707134519,-1.503006629542287e-05,6.797613050860926e-05,8.300619683591387e-05,0.00019383139442652464,0.3739130434782609,985
31,22,0.00014959154098017979,-4.908525573003884e-06,7.234150767393051e-05,7.725003364566215e-05,0.00013548557762987912,0.4318840579710145,986
5,21,0.00014752262197388505,-1.652973918247472e-06,7.293482450202883e-05,7.458779838827099e-05,0.0002797336201183498,0.47681159420289854,987
27,5,0.0001464134449067216,7.352603545833201e-07,7.357435296451486e-05,7.283909255578613e-05,0.00015419803094118834,0.47681159420289854,988
7,21,0.0001460027665745946,4.220924317292139e-06,7.511184602814562e-05,7.089092136005132e-05,0.00021831423509866,0.5318840579710145,989
0,9,0.00014400693038610831,1.1044568886841327e-06,7.255569422551965e-05,7.14512374589253e-05,0.0001365653588436544,0.47101449275362317,990
3,8,0.00014257840357656635,-4.935135738200504e-06,6.882163377938106e-05,7.375676893415389e-05,0.00022242707200348377,0.47101449275362317,991
11,9,0.00014190121674286985,-2.285642995130347e-06,6.980778676813276e-05,7.209342990092304e-05,0.00036552269011735916,0.4681159420289855,992
3,19,0.00014097301559031885,3.0678817990414297e-06,7.202044934294225e-05,6.895256667872752e-05,0.00020403251983225346,0.5043478260869565,993
2,4,0.00013846798730836768,-3.1079948950514665e-06,6.767999690167188e-05,7.078799124863745e-05,0.00020578769908752292,0.45942028985507244,994
5,17,0.00013749226674416855,7.029341250462612e-06,7.226080482611735e-05,6.52314633327109e-05,0.0002073548239422962,0.5608695652173913,995
5,0,0.00013681848132179858,3.781298481710004e-06,7.02998901321761e-05,6.651859123097813e-05,0.00032300283783115447,0.5217391304347826,996
19,20,0.0001367024243125448,3.484008210345261e-06,7.009321685189576e-05,6.660920837904099e-05,0.000173001826624386,0.5478260869565217,997
8,23,0.0001364776406097772,8.815751643142917e-06,7.264669651229506e-05,6.383094487088217e-05,0.00019193235493730754,0.5608695652173913,998
4,1,0.00013526134491350102,-4.011954698881525e-06,6.562469565475718e-05,6.963664991351413e-05,0.00026914922636933625,0.5521739130434783,999
13,6,0.00013455537543015215,7.015963687315203e-06,7.078567012852717e-05,6.376970643750479e-05,0.00019566116679925472,0.5217391304347826,1000
28,24,0.00013217805897616875,-7.2332733642118304e-06,6.24723930826988e-05,6.970566674233166e-05,0.00018220811034552753,0.48840579710144927,1001
0,31,0.00013178622293378504,1.5337154954285443e-06,6.665996851670966e-05,6.512625484249483e-05,0.0003135584120173007,0.48840579710144927,1002
5,28,0.00012836826164949752,-9.768680177353746e-06,5.929979123444038e-05,6.90684716356254e-05,0.0002552316873334348,0.4753623188405797,1003
0,8,0.000128327096223549,-1.415240073445444e-06,6.345592858623064e-05,6.48711680324213e-05,0.00017730583203956485,0.4956521739130435,1004
1,19,0.00012812566236578384,-8.681351561009527e-06,5.972215650654996e-05,6.840350673639372e-05,0.0002255198050988838,0.45362318840579713,1005
9,4,0.00012585932806682715,1.808430888736208e-07,6.302008604691672e-05,6.283924286020445e-05,0.00017048415611498058,0.5376811594202898,1006
0,2,0.00012484559843355586,-1.9715754751896913e-06,6.143701188608722e-05,6.340858708888159e-05,0.00014047848526388407,0.4608695652173913,1007
6,9,0.00012480122029270548,-7.98422693476632e-06,5.840849722464581e-05,6.639272334848721e-05,0.0002704604994505644,0.43623188405797103,1008
6,3,0.00012330397117245635,1.200409776893007e-06,6.225219055417308e-05,6.105178092935682e-05,0.00019259606779087335,0.5347826086956522,1009
2,3,0.00012289431956955725,5.139621426733158e-06,6.401697056617195e-05,5.887734943259431e-05,0.00021569985256064683,0.5391304347826087,1010
9,19,0.00012171171205198439,-6.8818798505357124e-06,5.7414916326265025e-05,6.429679676900206e-05,0.00022576873016078025,0.48985507246376814,1011
6,25,0.00012150704715893064,-1.1002021291661562e-06,6.020342275339805e-05,6.130362486110376e-05,0.00021685859246645123,0.508695652173913,1012
9,25,0.00012069557316098708,-9.274571500324215e-06,5.571050133318974e-05,6.498507236311407e-05,0.00023326824884861708,0.43768115942028984,1013
6,1,0.00011870108633245209,-2.0233834803825037e-06,5.8338852389736705e-05,6.0362235889561305e-05,0.00016522605437785387,0.4797101449275362,1014
11,20,0.00011770902392988542,-5.678763162624021e-06,5.601513035466321e-05,6.169389347685838e-05,0.00023145200975704938,0.4956521739130435,1015
1,30,0.00011386008215753384,-1.1347869294728509e-06,5.6362647670750344e-05,5.749743472206583e-05,0.0001764589687809348,0.49420289855072463,1016
8,13,0.00011161387996569671,-1.6415771185258062e-06,5.4986151607132025e-05,5.662772855825808e-05,0.0001297918934142217,0.48405797101449277,1017
5,1,0.00011036318430566441,7.122272385136815e-06,5.87427290453058e-05,5.162045627299528e-05,0.0001987159193959087,0.5753623188405798,1018
8,1,0.00010921592913449706,3.53644631198459e-07,5.478478720016173e-05,5.443114257856075e-05,0.0001892263680929318,0.5028985507246376,1019
25,16,0.00010776451302434366,3.994790418995552e-06,5.587965191201268e-05,5.188486148008319e-05,9.56185394898057e-05,0.5507246376811594,1020
10,10,0.00010731669678890561,2.8189644565636494e-06,5.5067830639334557e-05,5.22488667186643e-05,0.0002332052099518478,0.5289855072463768,1021
4,15,0.0001059363981111333,3.671540130458494e-06,5.480396917694937e-05,5.113242893780873e-05,0.00011992370127700269,0.5492753623188406,1022
4,6,0.00010462533470567048,1.500541644011297e-06,5.306293842888566e-05,5.15623968226464e-05,0.00016533822054043412,0.5202898550724637,1023
6,19,0.00010303673042326936,-7.601891534629128e-07,5.113827088886562e-05,5.1898459575924154e-05,0.00018911734514404088,0.5144927536231884,1024
6,31,0.00010242402117745624,2.7142290950477205e-06,5.256912531514399e-05,4.9854896369289646e-05,0.00011475696373963729,0.5014492753623189,1025
4,12,0.0001020458441680471,3.1129667313326284e-06,5.257940554333734e-05,4.946643912822712e-05,0.00020133951329626143,0.5072463768115942,1026
5,7,0.00010054284195799825,-7.079319716751798e-06,4.673176154308722e-05,5.381108101811032e-05,0.0001200467741000466,0.4072463768115942,1027
0,16,9.911001324510742e-05,-4.253980030928991e-06,4.7428016770040354e-05,5.168199661280939e-05,0.00012829677143599838,0.45942028985507244,1028
4,11,9.791972110692966e-05,2.206593331758692e-06,5.0063157665873946e-05,4.785656407836106e-05,0.0001620724069653079,0.4971014492753623,1029
3,27,9.77616518333019e-05,-1.9586384975144132e-06,4.790150661949446e-05,4.986014497868988e-05,0.00026353218709118664,0.5304347826086957,1030
0,20,9.740087584957465e-05,4.6366888689110805e-07,4.893227249264479e-05,4.846860379536562e-05,0.00012752624752465636,0.5217391304347826,1031
2,7,9.58846835594844e-05,-6.155844968249595e-06,4.486441920812797e-05,5.102026422284088e-05,0.0002319757331861183,0.47101449275362317,1032
8,21,9.397264289688884e-05,-1.6020274092147371e-06,4.618530829181997e-05,4.778733519030894e-05,0.000183895681402646,0.5434782608695652,1033
27,0,9.376174737725165e-05,-3.899088130662472e-06,4.493132988513473e-05,4.8830417971249264e-05,6.422682054108009e-05,0.4217391304347826,1034
5,8,9.363724193495938e-05,9.136131183964423e-07,4.727542774060276e-05,4.636181477663094e-05,0.00012789298489224166,0.508695652173913,1035
6,17,9.182425581167225e-05,-2.317057036909806e-06,4.475359915982219e-05,4.7070656447048997e-05,0.00011320671910652891,0.4811594202898551,1036
10,15,9.16253662300759e-05,-8.939850869883164e-06,4.134275814989899e-05,5.028260889633308e-05,0.00016209861496463418,0.43333333333333335,1037
1,29,9.027384252133915e-05,-3.5304437476234074e-06,4.337169936160785e-05,4.6902142678951295e-05,0.00012427911860868335,0.47101449275362317,1038
7,17,8.811562928040866e-05,-1.0797082516223716e-06,4.351796084643286e-05,4.4597669290416654e-05,0.00013187213335186243,0.4956521739130435,1039
4,19,8.807968401463544e-05,3.779436090749714e-07,4.422881412157975e-05,4.3850870326219014e-05,0.00010116798512171954,0.5130434782608696,1040
4,4,8.745335715097415e-05,3.5536320423113428e-06,4.5503494463060714e-05,4.194986235748017e-05,0.0001687910407781601,0.5362318840579711,1041
7,23,8.737039142218144e-05,7.1980750499608185e-06,4.728423366651586e-05,4.008615830960058e-05,0.00018236566393170506,0.5579710144927537,1042
6,0,8.736243578698412e-05,1.0442236237846716e-06,4.4203329826959286e-05,4.315910643371999e-05,0.00012372502533253282,0.47391304347826085,1043
7,11,8.663905761842625e-05,2.01813989025615e-07,4.342043587109362e-05,4.321862191028376e-05,0.00012050427903886884,0.48840579710144927,1044
6,20,8.489817197595835e-05,7.555321569791398e-08,4.248686267851883e-05,4.241130941969406e-05,0.00011453967454144731,0.4956521739130435,1045
6,23,8.410240658201434e-05,8.22902109368205e-07,4.246265444121293e-05,4.163975236356171e-05,0.00011346357496222481,0.4782608695652174,1046
0,7,8.407375316035515e-05,-3.021988069794252e-06,4.052588259812835e-05,4.3547870423619474e-05,9.995185973821208e-05,0.427536231884058,1047
7,5,8.291447799063897e-05,-2.0824150503528925e-06,4.041603197948376e-05,4.249844673651637e-05,0.00015907641500234604,0.5014492753623189,1048
1,22,8.196857796730804e-05,5.324079593734773e-06,4.3646328973027003e-05,3.8322249200564986e-05,0.00010850301623577252,0.5550724637681159,1049
6,22,8.087341945769289e-05,-1.8562925511080563e-06,3.950856330448005e-05,4.136485609653418e-05,0.0001718079438433051,0.4608695652173913,1050
7,9,8.054083136878456e-05,9.447063712204382e-07,4.074276916091311e-05,3.979806269227624e-05,0.00016771219088695943,0.553623188405797,1051
12,2,7.967808746040343e-05,6.630073602556639e-07,4.0170547234979956e-05,3.95075400084299e-05,0.00016850316023919731,0.4811594202898551,1052
3,6,7.708819154865121e-05,3.4997960646979412e-06,4.02939940623052e-05,3.679419784437717e-05,0.0001668144977884367,0.508695652173913,1053
5,11,7.575074966579436e-05,-3.4518681036841544e-06,3.614944105051557e-05,3.9601309092104466e-05,0.00011531139170983806,0.43333333333333335,1054
1,0,7.561337761777342e-05,-4.828884846820008e-07,3.756524435541154e-05,3.804813293234052e-05,9.661564399721101e-05,0.47101449275362317,1055
3,14,7.389254110487367e-05,-2.131379583434152e-06,3.5880581212686725e-05,3.8011960694914875e-05,0.00013096441398374736,0.5289855072463768,1056
4,5,7.318383555038831e-05,-3.000977155510475e-07,3.644186916843587e-05,3.674196686454483e-05,0.00010817516886163503,0.5,1057
5,19,7.301804247851802e-05,1.0411184792863002e-06,3.7029580615429346e-05,3.5988461773951605e-05,0.00011966288730036467,0.5101449275362319,1058
3,3,7.183740953144518e-05,2.263947890266694e-06,3.7050678828435316e-05,3.47867308248525e-05,0.00010518431372474879,0.5550724637681159,1059
2,2,7.131345471901548e-05,-1.1128914177194034e-06,3.51002819074629e-05,3.621317326333419e-05,0.00011534142686286941,0.5362318840579711,1060
1,3,7.126498513320837e-05,-1.2370790529929636e-06,3.5013953063249257e-05,3.625103193485302e-05,9.063106699613854e-05,0.49420289855072463,1061
9,8,7.11970183180012e-05,3.69376761016716e-06,3.7445393534330765e-05,3.375162596568402e-05,0.00017291352560278028,0.5333333333333333,1062
6,21,7.115450950247274e-05,1.9014769043203483e-06,3.652799340031471e-05,3.462651654701957e-05,0.000174119631992653,0.5507246376811594,1063
3,29,7.022025248076808e-05,3.3193307404110823e-06,3.67697920731426e-05,3.345046132980697e-05,0.00016209491877816617,0.48405797101449277,1064
1,1,6.95228103195668e-05,7.394908533095314e-07,3.5131150885895886e-05,3.439165963188144e-05,0.00011253517732257023,0.4811594202898551,1065
2,22,6.868312569668637e-05,8.958830473760748e-07,3.478950462753827e-05,3.389362140085828e-05,0.00010688720067264512,0.563768115942029,1066
13,15,6.805080796324995e-05,-2.94879665502315e-06,3.2551005855454434e-05,3.549980341642987e-05,0.00017282280896324664,0.5289855072463768,1067
2,23,6.786757625792708e-05,1.8500482188143075e-06,3.485881205964345e-05,3.300876408031294e-05,9.076885908143595e-05,0.5289855072463768,1068
4,27,6.675085475921071e-05,1.2879577312013271e-06,3.401940632837041e-05,3.273144875031679e-05,7.807512884028256e-05,0.5202898550724637,1069
8,10,6.671814651227855e-05,4.561660963245033e-06,3.56399040250888e-05,3.107824315448206e-05,0.00010329572251066566,0.5376811594202898,1070
0,30,6.525463109951027e-05,-1.3551150607821436e-06,3.19497584556579e-05,3.3304873470306255e-05,9.400155249750242e-05,0.47101449275362317,1071
0,6,6.424155248155791e-05,-2.882511965713488e-06,3.0679520165057365e-05,3.35620321463822e-05,8.068436000030488e-05,0.4405797101449275,1072
6,2,6.299623913307279e-05,1.1350207089690955e-07,3.155487069557569e-05,3.144136872303231e-05,0.00012408263864926994,0.48695652173913045,1073
4,26,6.242528339149377e-05,6.742292604184039e-07,3.1549756282283454e-05,3.087552722874626e-05,0.00012384957517497241,0.4956521739130435,1074
8,31,6.086199116914255e-05,2.0791993885831803e-07,3.053495556264022e-05,3.0327035513410934e-05,0.00011197045387234539,0.5463768115942029,1075
1,5,6.0677434779843654e-05,2.0210030162269194e-06,3.134921877768067e-05,2.932821609772583e-05,8.680291648488492e-05,0.5173913043478261,1076
3,10,6.053962256538543e-05,1.0960026701595318e-06,3.081781272197512e-05,2.972181018914599e-05,6.006718103890307e-05,0.5594202898550724,1077
4,18,5.6457302908724604e-05,-7.883791088763734e-07,2.7834461994261537e-05,2.8622840951534864e-05,0.00010194303467869759,0.47391304347826085,1078
7,6,5.633650262954715e-05,-3.37483277443165e-06,2.648083506115008e-05,2.9855667662971335e-05,0.00011938410898437724,0.518840579710145,1079
0,19,5.62288894013983e-05,9.553983480135804e-07,2.8592143971813444e-05,2.763674566445527e-05,0.00011040224489988759,0.46956521739130436,1080
3,30,5.5288782482421085e-05,-1.1358909806614869e-06,2.7076445774029075e-05,2.8212336824921016e-05,5.7225042837671936e-05,0.47101449275362317,1081
1,21,5.397686587997853e-05,-3.043026782981305e-06,2.5466919766316003e-05,2.850994635528825e-05,5.42710731679108e-05,0.4405797101449275,1082
3,2,5.3814416038300765e-05,1.731025294448968e-06,2.7772720688576753e-05,2.6041695416823963e-05,7.513508899137378e-05,0.5753623188405798,1083
4,17,5.2779061798650796e-05,5.640207763482739e-07,2.6671541340182674e-05,2.6107520709073457e-05,9.787170711206272e-05,0.5043478260869565,1084
9,5,5.228807759601256e-05,-1.8329848396628012e-06,2.522754664138462e-05,2.706053123744454e-05,0.00010625401046127081,0.43333333333333335,1085
4,13,5.0767681257118545e-05,-1.1320753534424722e-06,2.4817802897527858e-05,2.594987831996506e-05,7.719184941379353e-05,0.4971014492753623,1086
0,15,5.0238462582963595e-05,1.1279508049278281e-06,2.5683206717285496e-05,2.4555255912594516e-05,5.476368096424267e-05,0.5507246376811594,1087
5,25,4.9542718154926675e-05,-4.820020126111149e-06,2.2361349172889687e-05,2.718136932021414e-05,0.00012854834494646639,0.4579710144927536,1088
2,20,4.9015543214554255e-05,-1.1276416029884133e-06,2.3943950874206126e-05,2.5071592570687547e-05,7.500765059376135e-05,0.5144927536231884,1089
0,21,4.734892938912431e-05,-1.5341555901318975e-06,2.2907386936743062e-05,2.444154265536992e-05,3.7754769437015057e-05,0.48985507246376814,1090
7,18,4.637439755756729e-05,5.101458663271723e-07,2.3442271600433214e-05,2.2932126060358434e-05,0.00010464811930432916,0.5115942028985507,1091
5,24,4.582580412933685e-05,-1.1362696929783878e-06,2.234476737456042e-05,2.3481037021775735e-05,9.170208068098873e-05,0.47391304347826085,1092
5,20,4.483970086424223e-05,-3.280274089844249e-06,2.0779713539069775e-05,2.405998743696451e-05,9.046405466506258e-05,0.4956521739130435,1093
5,27,4.443294471615366e-05,-1.6382793524205253e-06,2.139733278989996e-05,2.3035611934244737e-05,6.671954179182649e-05,0.4449275362318841,1094
7,30,4.3674482514484554e-05,2.3942428820982573e-06,2.3034362944221576e-05,2.064011985260589e-05,3.586241291486658e-05,0.5449275362318841,1095
7,8,4.347801093774541e-05,6.832858911410688e-07,2.2080648786448405e-05,2.1397362482842426e-05,0.00010423284402349964,0.5710144927536231,1096
9,28,4.30348882936368e-05,-5.787898998157974e-07,2.1228049310669423e-05,2.1806839418190252e-05,8.894754864741117e-05,0.5043478260869565,1097
9,6,4.2898811829551e-05,9.64956899493054e-08,2.1497653801033716e-05,2.1401158177751852e-05,4.79747359349858e-05,0.48405797101449277,1098
7,0,4.222909357777362e-05,5.571558718464115e-07,2.139312481922982e-05,2.0835969145408578e-05,7.543380343122408e-05,0.4985507246376812,1099
5,16,4.050220488708241e-05,-3.530006645149385e-07,2.007460217249854e-05,2.0427603009881316e-05,6.727466097800061e-05,0.4855072463768116,1100
3,26,3.8867514034712296e-05,-3.403520132291556e-07,1.9263581106829602e-05,1.9603933091657646e-05,6.674946780549362e-05,0.508695652173913,1101
5,6,3.727378283379632e-05,-3.238969090647436e-06,1.7017406982089583e-05,2.0256375674627132e-05,0.0001044837772496976,0.5,1102
5,18,3.664307661589798e-05,-5.022534148966058e-08,1.829642555509528e-05,1.8346650978091402e-05,0.00012508794316090643,0.48695652173913045,1103
1,12,3.6551706956861774e-05,2.0950383399381743e-07,1.838060544267374e-05,1.817110162762773e-05,4.0104139770846814e-05,0.527536231884058,1104
1,23,3.4930202181438264e-05,2.1320507767251147e-07,1.7571703549871622e-05,1.7358498624234664e-05,4.416915908223018e-05,0.5028985507246376,1105
1,2,3.4636561049673996e-05,2.0348111748730382e-07,1.742002099782123e-05,1.7216540071377244e-05,5.166977280168794e-05,0.5130434782608696,1106
7,16,3.448130939260949e-05,3.118095660250918e-06,1.8799702798701943e-05,1.568160672736601e-05,9.141964255832136e-05,0.5463768115942029,1107
4,8,3.4329333990844255e-05,-4.277421679824105e-07,1.695079600356463e-05,1.737853813968589e-05,5.160546788829379e-05,0.5115942028985507,1108
4,7,3.390559700786868e-05,-2.699474063465344e-07,1.681782478176435e-05,1.7087772223756448e-05,3.781243140110746e-05,0.48695652173913045,1109
0,26,3.3861187150573704e-05,4.5035678801280916e-07,1.7155772140039767e-05,1.670541527951041e-05,4.9084505008067936e-05,0.5434782608695652,1110
5,30,3.36649464699072e-05,-2.2683614677946218e-06,1.569829246380428e-05,1.7966653912970325e-05,0.00010002965427702293,0.43768115942028984,1111
1,31,3.316312327848354e-05,-6.049932218143179e-07,1.627906502662519e-05,1.688405826899376e-05,6.006547118886374e-05,0.49420289855072463,1112
3,5,3.27115836265203e-05,1.2703082705180446e-06,1.699094605596302e-05,1.5720637761034225e-05,5.758326733484864e-05,0.48985507246376814,1113
3,7,3.1020826609461514e-05,-9.374317610166827e-07,1.5041697391153861e-05,1.5979129138150196e-05,4.9114678404293954e-05,0.5376811594202898,1114
3,24,3.0374827880565874e-05,-8.927627992620827e-07,1.474103255630958e-05,1.5633795374673934e-05,5.719171167584136e-05,0.45652173913043476,1115
0,18,2.8639070628610238e-05,-8.378811323087325e-07,1.3900594916384617e-05,1.4738476131301666e-05,4.2427585867699236e-05,0.4666666666666667,1116
0,11,2.796069321313052e-05,-1.0521045448572492e-07,1.3927741483844263e-05,1.403295191233854e-05,4.288268610252999e-05,0.518840579710145,1117
5,26,2.7166663685552456e-05,-1.7908226439544705e-06,1.2687920597589097e-05,1.4478742962475333e-05,8.628176874481142e-05,0.5144927536231884,1118
3,28,2.7107663753671316e-05,-4.497789870276518e-08,1.3531342990864173e-05,1.3576321021547676e-05,4.5050412154523656e-05,0.5608695652173913,1119
5,3,2.669076264429561e-05,-9.143106229613374e-08,1.3299665873510225e-05,1.3391097025015515e-05,6.546695658471435e-05,0.5391304347826087,1120
4,24,2.6364936369138403e-05,1.261149218885623e-07,1.3245525743527189e-05,1.3119410855291579e-05,3.35119511873927e-05,0.5043478260869565,1121
1,28,2.6136744736957723e-05,-2.0365250123906736e-06,1.2050109908074915e-05,1.4086634915888252e-05,4.0797389374347404e-05,0.45072463768115945,1122
1,15,2.5627306052169644e-05,-1.9778685774274006e-07,1.271475960129135e-05,1.2912546543310637e-05,4.987626743968576e-05,0.5217391304347826,1123
7,13,2.488521368021516e-05,1.3477052747503692e-06,1.3116459491806896e-05,1.176875437562083e-05,3.0776947824051604e-05,0.5681159420289855,1124
8,9,2.4707572870316864e-05,-7.832156070647436e-07,1.1962178704037059e-05,1.2745394277248045e-05,5.549777051783167e-05,0.47681159420289854,1125
7,12,2.4531656641800615e-05,-3.6200941117361095e-06,1.0455781273280727e-05,1.4075875019138816e-05,8.766658720560372e-05,0.4608695652173913,1126
3,25,2.3827168338456155e-05,-1.877982340174953e-06,1.0974592987704982e-05,1.2852575427283833e-05,5.437529398477636e-05,0.43768115942028984,1127
3,31,2.2943063407453428e-05,3.1852675564984475e-07,1.163079506312258e-05,1.1312268335639574e-05,3.124190334347077e-05,0.5333333333333333,1128
1,7,2.263049403498938e-05,-1.9080460994508893e-07,1.1219844686342765e-05,1.1410649317918217e-05,4.156236900598742e-05,0.48695652173913045,1129
9,7,2.092226863798741e-05,-3.3135357927756436e-07,1.0295457566552865e-05,1.0626811193936231e-05,3.397111504455097e-05,0.5014492753623189,1130
7,25,2.045125024375156e-05,-1.0092364603856962e-06,9.72100691866296e-06,1.073024333254415e-05,3.393696897546761e-05,0.45507246376811594,1131
7,31,2.0130205092774976e-05,9.108784689272519e-07,1.0520541759738212e-05,9.609663307827944e-06,3.25617402268108e-05,0.4985507246376812,1132
8,11,1.705236214692759e-05,-1.187525303784607e-06,7.932418477750709e-06,9.119943745997881e-06,3.87419386242982e-05,0.47391304347826085,1133
7,7,1.5963000801995666e-05,1.8209535222685926e-06,8.891977334385967e-06,7.071023822317266e-06,6.825781019870192e-05,0.5318840579710145,1134
0,10,1.523938375928834e-05,7.429899577128589e-08,7.656841448707658e-06,7.5825424914086586e-06,2.1501691662706435e-05,0.518840579710145,1135
0,1,1.3824602143998071e-05,3.993288545875641e-07,7.111965615319813e-06,6.712636661374689e-06,5.284442886477336e-05,0.47681159420289854,1136
0,28,1.3181771003249763e-05,-2.7106965468395017e-07,6.45535070585057e-06,6.7264203864950735e-06,1.2222705663589295e-05,0.4855072463768116,1137
7,24,1.2037375810668101e-05,3.012268496499895e-07,6.169301363909825e-06,5.868074490091084e-06,1.781646096787881e-05,0.4985507246376812,1138
0,22,1.1726855012162507e-05,-1.6496954357931957e-07,5.780942800097891e-06,5.945912303014086e-06,1.6676742234267294e-05,0.5028985507246376,1139
5,10,1.1690836153109664e-05,1.143371700957199e-07,5.902586702489792e-06,5.788249522760554e-06,1.4179961908666883e-05,0.48695652173913045,1140
7,28,1.0075414547415767e-05,7.499872423711556e-08,5.07520660531172e-06,5.000207912940902e-06,1.7894282791530713e-05,0.4579710144927536,1141
1,4,9.158750157706416e-06,-2.005823732758103e-07,4.479083899155967e-06,4.679666276138956e-06,1.0324627510271966e-05,0.4855072463768116,1142
7,14,8.875557591966134e-06,1.2171870626900316e-07,4.498638116421018e-06,4.376919428340364e-06,1.782784966053441e-05,0.5246376811594203,1143
1,13,8.535040409865162e-06,-3.924014584339128e-07,4.071319486548827e-06,4.463720967895169e-06,2.4254621166619472e-05,0.5217391304347826,1144
7,19,8.143608844016175e-06,-2.8961464015006423e-07,3.92699711096673e-06,4.216611736051229e-06,2.8770931749022566e-05,0.4623188405797101,1145
7,15,7.762849208922713e-06,4.997775384909402e-08,3.906413512578987e-06,3.85643577046672e-06,1.3530553587770555e-05,0.5217391304347826,1146
0,25,7.10714052606027e-06,-3.8862931001484653e-08,3.534138813843557e-06,3.5730017141887266e-06,1.0157510587305296e-05,0.4492753623188406,1147
7,29,6.360971354897102e-06,-9.991424862924085e-08,3.130528578116523e-06,3.230442810114301e-06,7.615427875862224e-06,0.4782608695652174,1148
7,27,5.739043295519601e-06,-1.0044500189151486e-07,2.819299160046614e-06,2.919744163276833e-06,7.985657248354983e-06,0.4855072463768116,1149
9,30,5.344614953051807e-06,3.941684022078169e-08,2.692015900297456e-06,2.652599041323881e-06,1.2285371667530853e-05,0.5289855072463768,1150
7,4,5.289995197464482e-06,-1.9602953807582237e-07,2.546982852986487e-06,2.743012374060772e-06,1.1822572560049593e-05,0.48985507246376814,1151
13,12,1.589089127302226e-06,-5.068499914137643e-09,7.920103152921217e-07,7.970788272455822e-07,3.4436131954862503e-06,0.4811594202898551,1152
